STATION_AES,STATION_NAME,LATITUDE,LONGITUDE,province
1011500,CHEMAINUS,48.94,-123.74,British Columbia
1012055,LAKE COWICHAN,48.83,-124.05,British Columbia
1012475,DISCOVERY ISLAND,48.42,-123.23,
1012710,ESQUIMALT HARBOUR,48.43,-123.44,
1014820,MALAHAT,48.57,-123.53,British Columbia
1015105,METCHOSIN,48.37,-123.56,British Columbia
1015628,NORTH COWICHAN,48.82,-123.72,British Columbia
1015630,NORTH COWICHAN,48.82,-123.72,British Columbia
1015638,NORTH PENDER ISLAND,48.76,-123.29,British Columbia
1016335,PORT RENFREW,48.59,-124.33,British Columbia
1016640,RACE ROCKS,48.3,-123.53,
1016940,SAANICHTON CDA,48.62,-123.42,British Columbia
1016995,SALTSPRING ST MARY'S L,48.89,-123.55,British Columbia
1016RM0,SAANICHTON MT NEWTON,48.6,-123.43,British Columbia
1017099,SATURNA CAPMON CS,48.78,-123.13,British Columbia
1017101,SATURNA ISLAND CS,48.78,-123.04,
1017230,SHAWNIGAN LAKE,48.65,-123.63,British Columbia
1017254,SHERINGHAM POINT,48.38,-123.92,British Columbia
1018598,VICTORIA UNIVERSITY CS,48.46,-123.3,British Columbia
1018611,VICTORIA GONZALES CS,48.41,-123.32,British Columbia
1018621,VICTORIA INTL A,48.65,-123.43,British Columbia
1018633,VICTORIA HARBOUR A,48.42,-123.39,
1020590,BALLENAS ISLAND,49.35,-124.16,British Columbia
1021261,CAMPBELL RIVER A,49.95,-125.27,British Columbia
1021270,CAMPBELL RIVER A,49.95,-125.27,British Columbia
1021330,CAPE MUDGE,50.0,-125.2,
1021480,CHATHAM POINT,50.33,-125.45,British Columbia
1021830,COMOX A,49.72,-124.9,British Columbia
1021988,COURTENAY GRANTHAM,49.76,-125.0,British Columbia
1021989,COURTENAY PUNTLEDGE,49.69,-125.03,British Columbia
1022689,ENTRANCE ISLAND,49.21,-123.81,
1022795,FANNY ISLAND,50.45,-125.99,British Columbia
1023462,HERIOT BAY SE,50.1,-125.2,
1024638,LITTLE QUALICUM HATCHERY,49.35,-124.51,British Columbia
1025365,NANAIMO A,49.05,-123.87,British Columbia
1025369,NANAIMO A,49.05,-123.87,British Columbia
10253G0,NANAIMO CITY YARD,49.2,-123.99,British Columbia
1026170,PINE ISLAND,50.98,-127.73,British Columbia
1026271,PORT HARDY A,50.68,-127.37,British Columbia
1026562,QUALICUM BEACH AIRPORT,49.34,-124.39,British Columbia
1026565,QUALICUM R FISH RESEARCH,49.39,-124.62,British Columbia
1026639,QUINSAM RIVER HATCHERY,50.02,-125.3,British Columbia
1027403,SISTERS ISLAND,49.49,-124.43,
102BFHH,ENTRANCE ISLAND,49.21,-123.81,
1030230,ALBERNI ROBERTSON CREEK,49.34,-124.98,British Columbia
1031316,CAPE BEALE LIGHT,48.79,-125.22,
1031353,CAPE SCOTT,50.78,-128.43,British Columbia
1032730,ESTEVAN POINT,49.38,-126.54,
1032731,ESTEVAN POINT CS,49.38,-126.54,
1034600,LENNARD ISLAND,49.11,-125.92,
1035612,NITINAT RIVER HATCHERY,48.86,-124.66,British Columbia
1035614,NOOTKA LIGHTSTATION,49.6,-126.62,British Columbia
1035940,PACHENA POINT,48.72,-125.1,
1036570,QUATSINO,50.53,-127.65,
1036572,QUATSINO LIGHTSTATION,50.44,-128.03,
1036B06,PORT ALBERNI (AUT),49.32,-124.93,British Columbia
1037090,SARTINE ISLAND (AUT),50.82,-128.91,
1037553,SOLANDER ISLAND (AUT),50.11,-127.94,British Columbia
1037899,TAHSIS VILLAGE NORTH,49.93,-126.65,British Columbia
1038205,TOFINO A,49.08,-125.77,British Columbia
1038210,TOFINO A,49.08,-125.77,British Columbia
1038332,UCLUELET KENNEDY CAMP,48.95,-125.53,British Columbia
1039035,ZEBALLOS MURAUDE CREEK,50.05,-126.78,British Columbia
104091B,BOWEN ISLAND SUNSET PARK,49.36,-123.4,British Columbia
1043152,GIBSONS GOWER POINT,49.39,-123.54,British Columbia
1045100,MERRY ISLAND LIGHTSTATION,49.47,-123.91,
10459NN,HOWE SOUND - PAM ROCKS,49.49,-123.3,
1046115,PENDER HARBOUR,49.63,-124.03,British Columbia
1046332,PORT MELLON,49.53,-123.5,British Columbia
1046391,POWELL RIVER A,49.83,-124.5,British Columbia
1046392,POWELL RIVER,49.83,-124.5,British Columbia
1046396,POWELL RIVER A,49.83,-124.5,British Columbia
1047172,SECHELT AUT,49.46,-123.72,British Columbia
10476F0,SQUAMISH AIRPORT,49.78,-123.16,British Columbia
1048898,WHISTLER,50.13,-122.95,British Columbia
1051351,CAPE ST JAMES,51.94,-131.02,British Columbia
1054222,KINDAKUN ROCKS (AUT),53.32,-132.77,
1054500,LANGARA,54.26,-133.06,
1054503,LANGARA ISLAND RCS,54.26,-133.06,
1054929,MASSET A,54.03,-132.13,British Columbia
1056869,ROSE SPIT (AUT),54.16,-131.66,British Columbia
1057051,SANDSPIT AIRPORT AUTO,53.25,-131.81,British Columbia
1057052,SANDSPIT,53.25,-131.81,British Columbia
1060080,ADDENBROKE ISLAND,51.6,-127.86,British Columbia
1060815,BELLA BELLA,52.19,-128.16,British Columbia
1060844,BELLA COOLA AIRPORT,52.39,-126.59,British Columbia
1060848,BELLA COOLA A,52.39,-126.6,British Columbia
1060901,BOAT BLUFF,52.64,-128.52,
1060902,BONILLA ISLAND,53.49,-130.64,
1060R0K,BONILLA ISLAND (AUT),53.49,-130.64,
1061458,CATHEDRAL POINT (AUT),52.19,-127.47,
1062251,CUMSHEWA ISLAND,53.03,-131.6,
1062544,DRYAD POINT,52.19,-128.11,
1062646,EGG ISLAND,51.25,-127.84,
1063298,GREEN ISLAND,54.57,-130.71,
1063303,GREY ISLET (AUT),54.58,-130.7,
1063461,HERBERT ISLAND (AUT),50.94,-127.63,
1063496,HOLLAND ROCK,54.17,-130.36,
1063690,IVORY ISLAND,52.27,-128.41,
1064020,KEMANO,53.56,-127.94,British Columbia
1064320,KITIMAT TOWNSITE,54.05,-128.63,British Columbia
1064321,KITIMAT 2,54.01,-128.71,British Columbia
1064728,LUCY ISLAND LIGHTSTATION,54.3,-130.61,
1065010,MCINNES ISLAND,52.26,-128.72,
1066482,PRINCE RUPERT,54.29,-130.44,British Columbia
1066488,PRINCE RUPERT MONT CIRC,54.32,-130.29,British Columbia
1067748,STEWART A,55.93,-129.98,British Columbia
1068130,TERRACE A,54.47,-128.58,British Columbia
1068131,TERRACE PCC,54.5,-128.62,British Columbia
1068134,TERRACE A,54.47,-128.58,British Columbia
1068250,TRIPLE ISLAND,54.29,-130.88,
106D289,KITIMAT HATCHERY,54.04,-128.68,British Columbia
1073615,HOUSTON,54.4,-126.67,British Columbia
1077499,SMITHERS,54.83,-127.18,British Columbia
1077501,SMITHERS AIRPORT AUTO,54.82,-127.19,British Columbia
107G879,SUSKWA VALLEY,55.29,-127.17,British Columbia
1085836,OOTSA LAKESKINS LAKE CLIMATE,53.77,-126.0,British Columbia
1086081,PEMBERTON AIRPORT (WIND),50.3,-122.74,British Columbia
1086082,PEMBERTON AIRPORT CS,50.31,-122.73,British Columbia
1086558,PUNTZI MOUNTAIN (AUT),52.11,-124.14,British Columbia
1088015,TATLAYOKO LAKE RCS,51.67,-124.4,British Columbia
1090660,BARKERVILLE,53.07,-121.51,British Columbia
1091174,BURNS LAKE DECKER LAKE,54.38,-125.96,British Columbia
1092975,FORT ST JAMES AUTO,54.46,-124.29,British Columbia
1093474,HIXON,53.53,-122.7,British Columbia
1095018,MCLEESE LAKE GRANITE MT,52.53,-122.29,British Columbia
1096439,PRINCE GEORGE,53.88,-122.68,British Columbia
1096453,PRINCE GEORGE AIRPORT AUTO,53.89,-122.67,British Columbia
1096454,PRINCE GEORGE MASSEY AUTO,53.9,-122.79,British Columbia
1096468,PRINCE GEORGE STP,53.88,-122.77,British Columbia
1096629,QUESNEL,53.03,-122.51,British Columbia
1096631,QUESNEL AIRPORT AUTO,53.03,-122.51,British Columbia
1097646,SPOKIN LAKE 4E,52.18,-121.69,British Columbia
1098941,WILLIAMS LAKE A,52.18,-122.05,British Columbia
1098D90,VANDERHOOF,54.03,-124.02,British Columbia
1100031,ABBOTSFORD A,49.03,-122.36,British Columbia
1100032,ABBOTSFORD A,49.03,-122.36,British Columbia
1100119,AGASSIZ RCS,49.24,-121.76,British Columbia
1100120,AGASSIZ CDA,49.24,-121.76,British Columbia
1100875,WHISTLER - NESTERS,50.13,-122.95,British Columbia
1101158,BURNABY SIMON FRASER U,49.28,-122.92,British Columbia
1101300,CALLAGHAN VALLEY,50.14,-123.11,British Columbia
1101708,CLOVERDALE EAST,49.11,-122.7,British Columbia
1102221,CULTUS LAKE,49.08,-121.98,British Columbia
1102415,DELTA BURNS BOG,49.13,-123.0,British Columbia
1102425,DELTA TSAWWASSEN BEACH,49.01,-123.09,British Columbia
1102912,FORT LANGLEY TELEGRAPH TRAIL,49.14,-122.55,British Columbia
1103332,HANEY UBC RF ADMIN,49.26,-122.57,British Columbia
1105192,MISSION WEST ABBEY,49.15,-122.27,British Columbia
1105658,N VANC GROUSE MTN RESORT,49.38,-123.08,British Columbia
1105669,N VANCOUVER WHARVES,49.31,-123.12,
1106178,PITT MEADOWS CS,49.21,-122.69,British Columbia
1106200,POINT ATKINSON,49.33,-123.26,
1106764,RICHMOND DALLYN 2,49.18,-123.09,British Columbia
1106CL2,PORT MOODY GLENAYRE,49.28,-122.88,British Columbia
1106PF7,RICHMOND NATURE PARK,49.17,-123.09,British Columbia
1107010,SANDHEADS CS,49.11,-123.3,
1107785,SUMAS CANAL,49.11,-122.11,British Columbia
1108380,VANCOUVER SEA ISLAND CCG,49.18,-123.19,British Columbia
1108395,VANCOUVER INTL A,49.19,-123.18,British Columbia
1108446,VANCOUVER HARBOUR CS,49.3,-123.12,
1108824,WEST VANCOUVER AUT,49.35,-123.19,British Columbia
1108906,WHISTLER ROUNDHOUSE,50.07,-122.95,British Columbia
1108910,WHITE ROCK CAMPBELL SCIENTIFIC,49.02,-122.78,British Columbia
110N666,N VAN SEYMOUR HATCHERY,49.44,-122.97,British Columbia
1113542,HOPE A,49.37,-121.5,British Columbia
1113543,HOPE AIRPORT,49.37,-121.49,British Columbia
1113581,HOPE SLIDE,49.27,-121.23,British Columbia
1114619,LILLOOET,50.68,-121.93,British Columbia
1114738,LYTTON A,50.22,-121.58,British Columbia
1114746,LYTTON RCS,50.22,-121.58,British Columbia
1123721,JELLICOE,49.67,-120.33,British Columbia
1123939,KELOWNA,49.96,-119.38,British Columbia
1123996,KELOWNA UBCO,49.94,-119.4,British Columbia
1125073,MERRITT,50.11,-120.78,British Columbia
1125079,MERRITT STP,50.11,-120.8,British Columbia
1125700,OKANAGAN CENTRE,50.06,-119.45,British Columbia
1125766,OLIVER STP,49.18,-119.54,British Columbia
1125852,OSOYOOS CS,49.03,-119.44,British Columbia
1126070,PEACHLAND,49.78,-119.72,British Columbia
1126146,PENTICTON A,49.46,-119.6,British Columbia
1126510,PRINCETON A,49.47,-120.51,British Columbia
1126518,PRINCETON A,49.47,-120.51,British Columbia
1128582,VERNON AUTO,50.22,-119.19,British Columbia
1128584,VERNON SILVER STAR LODGE,50.36,-119.06,British Columbia
112FN0M,PRINCETON CS,49.47,-120.51,British Columbia
112G8L1,SUMMERLAND CS,49.56,-119.65,British Columbia
1135126,MIDWAY,49.0,-118.77,
1140876,BILLINGS,49.02,-118.23,British Columbia
1141455,CASTLEGAR A,49.3,-117.63,British Columbia
1141457,CASTLEGAR BCHPA DAM,49.34,-117.77,British Columbia
1141460,CASTLEGAR A,49.3,-117.63,British Columbia
1142574,DUNCAN LAKE DAM,50.24,-116.97,British Columbia
1144635,LISTER,49.03,-116.46,British Columbia
1145297,NAKUSP CS,50.27,-117.82,British Columbia
1145442,NELSON NE,49.59,-117.21,British Columbia
1145460,NEW DENVER,50.0,-117.37,British Columbia
1145M29,NELSON CS,49.49,-117.31,British Columbia
1148705,WARFIELD RCS,49.11,-117.74,British Columbia
114B1F0,CRESTON CAMPBELL SCIENTIFIC,49.08,-116.5,British Columbia
114EMDM,NELSON RIXEN CREEK,49.51,-117.4,British Columbia
1152105,CRANBROOK A,49.61,-115.78,British Columbia
1152106,CRANBROOK AIRPORT AUTO,49.62,-115.79,British Columbia
1152850,FERNIE,49.49,-115.07,British Columbia
1153034,FT STEELE DANDY CRK,49.52,-115.46,British Columbia
1154203,KIMBERLEY PCC,49.63,-115.96,British Columbia
1154410,KOOTENAY NP WEST GATE,50.63,-116.06,British Columbia
1157631,SPARWOOD CS,49.75,-114.88,British Columbia
1157635,SPARWOOD A,49.83,-114.88,British Columbia
1160515,ASHCROFT,50.71,-121.28,British Columbia
1160899,BLUE RIVER A,52.13,-119.29,British Columbia
1160902,BLUE RIVER A,52.12,-119.29,British Columbia
1160H99,BLUE RIVER CS,52.13,-119.29,British Columbia
1161650,CLEARWATER AUTO,51.65,-120.08,British Columbia
1161662,CLINTON A,51.27,-121.68,British Columbia
1161663,CLINTON RCS,51.14,-121.5,British Columbia
1163781,KAMLOOPS A,50.7,-120.45,British Columbia
1163842,KAMLOOPS AUT,50.7,-120.44,British Columbia
1165793,100 MILE HOUSE 6NE,51.68,-121.22,British Columbia
1166658,RED LAKE,50.94,-120.8,British Columbia
1167337,SILVER CREEK,50.55,-119.35,British Columbia
1168204,SUN PEAKS MOUNTAIN,50.9,-119.91,British Columbia
1168520,VAVENBY,51.58,-119.78,British Columbia
116C8P0,KAMLOOPS PRATT ROAD,50.63,-120.17,British Columbia
116FRMN,SALMON ARM CS,50.7,-119.29,British Columbia
116Q20D,SUN PEAKS LOWER,50.89,-119.88,British Columbia
116QK0M,SUN PEAKS UPPER,50.9,-119.92,British Columbia
1173191,GLACIER NP ROGERS PASS,51.3,-117.52,British Columbia
1173210,GOLDEN A,51.3,-116.98,British Columbia
1173214,GOLDEN A,51.3,-116.98,British Columbia
1173220,GOLDEN AIRPORT,51.3,-116.98,British Columbia
1175122,MICA DAM,52.05,-118.59,British Columbia
1176745,REVELSTOKE A,50.97,-118.18,British Columbia
1176755,REVELSTOKE AIRPORT AUTO,50.96,-118.18,British Columbia
11790J1,YOHO PARK,51.44,-116.34,British Columbia
117CA90,GLACIER NP MT FIDELITY,51.24,-117.7,British Columbia
1181508,CHETWYND A,55.69,-121.63,British Columbia
1181513,CHETWYND A,55.69,-121.63,British Columbia
1182289,DAWSON CREEK A,55.74,-120.18,British Columbia
1183001,FORT ST. JOHN A,56.24,-120.74,British Columbia
1184791,MACKENZIE,55.3,-123.13,British Columbia
1184793,MACKENZIE AIRPORT AUTO,55.31,-123.14,British Columbia
1192341,DEASE LAKE A,58.42,-130.03,British Columbia
1192946,FORT NELSON A,58.84,-122.6,British Columbia
1192948,FORT NELSON,58.84,-122.57,British Columbia
119BLM0,DEASE LAKE (AUT),58.43,-130.03,British Columbia
1206197,PLEASANT CAMP,59.45,-136.37,British Columbia
1BPBFLT,BEARFLATS,56.25,-121.31,British Columbia
1BPBLGO,BELGO,49.88,-119.38,British Columbia
1BPBNVN,BENVOULIN,49.87,-119.45,British Columbia
1BPBUIK,BUICK,56.76,-121.09,British Columbia
1BPBVST,BELLA VISTA,50.26,-119.34,British Columbia
1BPCCLK,CECIL LAKE,56.31,-120.53,British Columbia
1BPCEKN,CENTRAL ERICKSON,49.09,-116.49,British Columbia
1BPCNYN,CANYON,49.09,-116.45,British Columbia
1BPCWST,CAWSTON BENCH,49.19,-119.74,British Columbia
1BPDNCK,BCGPA DAWSON CREEK,55.77,-120.14,British Columbia
1BPDORV,DOE RIVER,56.09,-120.04,British Columbia
1BPEKLN,EAST KELOWNA,49.87,-119.42,British Columbia
1BPELSN,ELLISON,49.95,-119.37,British Columbia
1BPFLAT,CRESTON FLATS,49.04,-116.57,British Columbia
1BPFLHT,FELLERS HEIGHTS,55.61,-120.51,British Columbia
1BPFMTN,FARMINGTON,55.91,-120.59,British Columbia
1BPFRCK,FLATROCK,56.27,-120.42,British Columbia
1BPGDLW,GOODLOW,56.33,-120.18,British Columbia
1BPGDVW,GRANDVIEW FLATS,50.38,-119.3,British Columbia
1BPGLMR,GLENMORE,49.92,-119.42,British Columbia
1BPGNDB,GROUNDBIRCH,55.77,-120.87,British Columbia
1BPGRFK,GRAND FORKS,49.05,-118.48,British Columbia
1BPJNFT,SUMMERLAND NORTH (JONES FLAT),49.61,-119.69,British Columbia
1BPKMBP,KEREMEOS BIPASS,49.22,-119.82,British Columbia
1BPKMOS,KEREMEOS,49.2,-119.85,British Columbia
1BPKYLK,KELLY LAKE,55.25,-120.08,British Columbia
1BPLNPR,LONE PRAIRIE,55.59,-121.26,British Columbia
1BPLVTN,LAVINGTON,50.23,-119.1,British Columbia
1BPMNBK,MONTNEY - BICKFORDS,56.35,-120.88,British Columbia
1BPMNTA,NARAMATA BENCH,49.53,-119.57,British Columbia
1BPNEKN,NORTH ERICKSON,49.1,-116.47,British Columbia
1BPOLVS,OLIVER SOUTH,49.11,-119.57,British Columbia
1BPOSSN,OSOYOOS NORTH,49.06,-119.51,British Columbia
1BPOSUB,OSOYOOS UPPER BENCH,49.02,-119.42,British Columbia
1BPOYMA,OYAMA,50.09,-119.36,British Columbia
1BPPCCP,POUCE COUPE,55.71,-120.09,British Columbia
1BPPNRA,OLIVER (PANORAMA),49.18,-119.56,British Columbia
1BPPPTO,PRESPATOU,56.9,-121.06,British Columbia
1BPRIVW,NORTH LISTER/RIVERVIEW,49.06,-116.51,British Columbia
1BPROLA,ROLLA,55.86,-120.2,British Columbia
1BPRSPR,ROSE PRAIRIE,56.54,-120.77,British Columbia
1BPSEKN,SOUTH ERICKSON,49.08,-116.49,British Columbia
1BPSKLN,SOUTH KELOWNA,49.83,-119.45,British Columbia
1BPSLFB,SUMMERLAND FRONT BENCH,49.58,-119.65,British Columbia
1BPSLUS,SUMMERLAND UPPER SOUTH,49.57,-119.68,British Columbia
1BPTMLK,TOMSLAKE,55.57,-120.13,British Columbia
1BPTWLK,TOWER LAKE,56.02,-120.6,British Columbia
1BPUPHW,UPPER HALFWAY,56.52,-122.31,British Columbia
1BPVNBX,VERNON BX,50.29,-119.23,British Columbia
1BPWFDN,WINFIELD NORTH,50.06,-119.43,British Columbia
1BPWFDS,WINFIELD SOUTH,50.05,-119.42,British Columbia
1BPWKLN,WEST KELOWNA,49.84,-119.63,British Columbia
1BPWNDL,WYNNDEL,49.17,-116.57,British Columbia
1CC0002,KAMLOOPS 3.2 SW,50.66,-120.38,British Columbia
1CC0006,COBBLE HILL 5.7 WSW,48.67,-123.65,British Columbia
1CC0008,Cowichan Bay 1.9 SE,48.72,-123.6,British Columbia
1CC0010,Nelson 0.6 SW,49.49,-117.29,British Columbia
1CC0011,Prince George 11.0 SSW,53.82,-122.86,British Columbia
1CC0016,Ladysmith 1.1 SSE,48.98,-123.81,British Columbia
1CC0018,Port Moody 2.6 NE,49.3,-122.85,British Columbia
1CC0020,Enderby 2.5 NW,50.57,-119.17,British Columbia
1CC0021,Telegraph Creek 4.1 WSW,57.89,-131.23,British Columbia
1CC0023,Greenwood 0.5 N,49.1,-118.67,British Columbia
1CC0024,Castlegar 0.3 NE,49.32,-117.66,British Columbia
1CC0027,Lake Cowichan 1.1 W,48.83,-124.07,British Columbia
1CC0028,Penticton 3.4 NNE,49.51,-119.58,British Columbia
1CC0030,Merritt 13.1 WNW,50.14,-120.97,British Columbia
1CC0032,Coquitlam 0.9 NW,49.26,-122.86,British Columbia
1CC0033,Castlegar 5.9 S,49.27,-117.65,British Columbia
1CC0034,Victoria 0.9 E,48.43,-123.35,British Columbia
1CC0036,Fernwood 4.3 SW,48.88,-123.56,British Columbia
1CC0037,Victoria 6.0 NNW,48.48,-123.4,British Columbia
1CC0039,Vancouver 3.4 SSW,49.22,-123.13,British Columbia
1CC0041,Chinook Cove 4.0 NW,51.26,-120.2,British Columbia
1CC0044,Port Coquitlam 2.7 NE,49.27,-122.73,British Columbia
1CC0046,Powell River 3.7 SSE,49.84,-124.53,
1CC0048,Vancouver 1.8 NNW,49.26,-123.13,British Columbia
1CC0050,SALMON ARM 0.5 NNE,50.7,-119.26,British Columbia
1CC0051,TSAWWASSEN 1.3 W,49.02,-123.1,
1CC0053,VICTORIA 5.9 N,48.49,-123.38,British Columbia
1CC0054,BURNABY 3.5 S,49.22,-122.97,British Columbia
1CC0055,COMOX 1.2 WNW,49.68,-124.94,British Columbia
1CC0056,COMOX 1.0 E,49.67,-124.91,British Columbia
1CC0057,COMOX 3.2 N,49.7,-124.93,British Columbia
1CC0058,CUMBERLAND 0.2 WSW,49.62,-125.03,British Columbia
1CC0060,GOLDEN 0.2 ESE,51.29,-116.96,British Columbia
1CC0065,FANNY BAY 2.0 NNW,49.51,-124.83,
1CC0067,VANCOUVER 1.1 NNE,49.25,-123.11,British Columbia
1CC0070,SHUTTY BENCH 1.3 N,49.97,-116.91,British Columbia
1CC0072,VANCOUVER 3.4 WNW,49.26,-123.16,British Columbia
1CC0077,NANAIMO 2.8 NW,49.18,-123.97,British Columbia
1CC0079,COQUITLAM 3.1 E,49.25,-122.81,British Columbia
1CC0080,AGASSIZ 0.4 E,49.23,-121.76,British Columbia
1CC0083,RICHMOND 2.5 SW,49.14,-123.18,British Columbia
1CC0085,BLIND BAY 2.9 SSE,50.86,-119.36,British Columbia
1CC0086,PITT MEADOWS 1.1 NE,49.22,-122.68,British Columbia
1CC0087,VANCOUVER 1.6 NNE,49.26,-123.11,British Columbia
1CC0088,GIBSONS 12.3 ENE,49.44,-123.35,British Columbia
1CC0089,COQUITLAM 8.9 NE,49.3,-122.75,British Columbia
1CC0090,PORT COQUITLAM 1.2 NE - TERRY FOX SECONDARY SCHOOL,49.26,-122.75,British Columbia
1CC0091,ABBOTSFORD 5.3 WNW,49.06,-122.34,British Columbia
1CC0096,NANAIMO 3.3 SSW,49.14,-123.95,British Columbia
1CC0097,NANAIMO 2.8 W,49.16,-123.98,British Columbia
1CC0099,QUALICUM BEACH 0.4 SSW,49.34,-124.44,British Columbia
1CC0100,GLADE 0.8 NNE,49.4,-117.53,British Columbia
1CC0102,NORTH VANCOUVER 1.5 N,49.33,-123.07,British Columbia
1CC0104,MAPLE RIDGE 1.9 NW,49.23,-122.62,British Columbia
1CC0106,NANAIMO 8.6 NW,49.23,-124.01,British Columbia
1CC0107,BEAVERDELL 0.6 S,49.43,-119.09,British Columbia
1CC0108,STURDIES BAY 1.8 NW,48.89,-123.34,British Columbia
1CC0109,VICTORIA 0.8 SE,48.43,-123.35,British Columbia
1CC0110,STURDIES BAY 0.1 ENE,48.88,-123.32,British Columbia
1CC0111,BONNINGTON FALLS 0.5 ENE,49.47,-117.48,British Columbia
1CC0112,RICHMOND 3.4 ESE,49.14,-123.12,British Columbia
1CC0113,LADNER 1.3 E,49.09,-123.06,British Columbia
1CC0114,LYNN VALLEY 0.8 W,49.34,-123.04,British Columbia
1CC0116,GIBSONS 1.1 SSE,49.39,-123.51,
1CC0120,FERNWOOD 5.2 WNW,48.93,-123.59,British Columbia
1CC0125,LADYSMITH 4.6 NNW,49.03,-123.84,British Columbia
1CC0128,VANCOUVER 4.8 WNW,49.26,-123.18,British Columbia
1CC0131,TERRACE 10.7 SE,54.45,-128.49,British Columbia
1CC0134,NORTH VANCOUVER 3.1 N,49.34,-123.07,British Columbia
1CC0135,CASTLEGAR 6.0 S,49.27,-117.64,British Columbia
1CC0138,UCLUELET 0.2 WNW,48.94,-125.55,British Columbia
1CC0139,SURREY 4.5 S,49.14,-122.84,British Columbia
1CC0152,PRINCE GEORGE 3.0 NW,53.93,-122.81,British Columbia
1CC0157,ALERT BAY 0.1 WNW,50.58,-126.92,British Columbia
1CC0159,VICTORIA 4.7 NNE,48.47,-123.34,British Columbia
1CC0160,COBBLE HILL 2.3 ENE,48.7,-123.56,British Columbia
1CC0162,TRAIL 3.8 WSW,49.09,-117.75,British Columbia
1CC0163,VICTORIA 6.0 WNW,48.45,-123.44,
1CC0164,VICTORIA 11.0 W,48.42,-123.51,British Columbia
1CC0166,KAMLOOPS 2.4 ESE,50.67,-120.32,British Columbia
1CC0167,NEW WESTMINSTER 0.7 S,49.21,-122.92,British Columbia
1CC0170,SURREY 14.8 S,49.04,-122.81,British Columbia
1CC0171,CHEMAINUS 0.1 ESE,48.93,-123.72,
1CC0173,CHILLIWACK 1.9 SW,49.16,-121.96,British Columbia
1CC0176,PRINCE GEORGE 14.1 NNW,54.03,-122.85,British Columbia
1CC0178,VICTORIA 2.1 NW,48.45,-123.38,British Columbia
1CC0180,CHILLIWACK 7.5 SSE,49.11,-121.92,British Columbia
1CC0182,SOUTH HAZELTON 1.7 S,55.22,-127.66,British Columbia
1CC0186,VICTORIA 10.0 WNW,48.46,-123.49,British Columbia
1CC0188,QUESNEL 3.7 ESE,52.97,-122.45,British Columbia
1CC0190,PRINCE GEORGE 2.2 E,53.91,-122.74,British Columbia
1CC0193,ALERT BAY 0.3 N,50.58,-126.92,British Columbia
2100155,BEAVER CREEK A,62.41,-140.87,Yukon
2100181,BURWASH A,61.37,-139.04,Yukon
2100184,BURWASH AIRPORT AUTO,61.37,-139.02,Yukon
2100301,CARMACKS CS,62.12,-136.19,Yukon
2100407,DAWSON CITY A,64.04,-139.13,Yukon
2100518,FARO (AUT),62.21,-133.38,Yukon
2100527,FARO A,62.21,-133.37,Yukon
2100630,HAINES JUNCTION,60.77,-137.58,Yukon
2100636,HERSCHEL ISLAND,69.57,-138.91,
2100660,IVVAVIK NAT. PARK,69.16,-140.15,Yukon
2100682,KOMAKUK BEACH,69.61,-140.2,
2100693,MACMILLAN PASS,63.24,-130.04,Yukon
2100697,MARGARET LAKE,68.8,-140.85,Yukon
2100701,MAYO A,63.62,-135.87,Yukon
2100702,MAYO A,63.62,-135.87,Yukon
2100805,OLD CROW RCS,67.57,-139.84,Yukon
2100807,OLD CROW A,67.57,-139.84,Yukon
2100840,OTTER FALLS NCPC,61.03,-137.05,Yukon
2100935,ROCK RIVER,66.98,-136.22,Yukon
2100950,SHINGLE POINT A,68.95,-137.22,
2100LRP,DAWSON,64.06,-139.13,Yukon
2101102,TESLIN (AUT),60.17,-132.73,Yukon
2101106,TESLIN A,60.17,-132.74,Yukon
2101201,WATSON LAKE A,60.12,-128.82,Yukon
2101202,WATSON LAKE A,60.12,-128.82,Yukon
2101204,WATSON LAKE (AUT),60.12,-128.83,Yukon
2101303,WHITEHORSE A,60.71,-135.07,Yukon
2101310,WHITEHORSE AUTO,60.73,-135.1,Yukon
21CC003,Watson Lake 0.9 NNW,60.07,-128.71,Yukon
21CC005,DAWSON 0.5 NNE,64.07,-139.43,Yukon
21CC007,HAINES JUNCTION 0.6 W,60.76,-137.52,Yukon
2200105,AKLAVIK A,68.22,-135.01,Northwest Territories
2200675,CAPE PARRY A,70.17,-124.72,Northwest Territories
2200824,COLVILLE LAKE,67.02,-126.12,Northwest Territories
2200827,COLVILLE LAKE A,67.02,-126.13,Northwest Territories
2201022,DELINE CS,65.21,-123.43,Northwest Territories
2201023,DELINE A,65.21,-123.44,Northwest Territories
22010H0,DEADMEN VALLEY,61.26,-124.47,Northwest Territories
2201406,FORT GOOD HOPE A,66.24,-128.65,Northwest Territories
2201450,FORT GOOD HOPE CS,66.24,-128.64,Northwest Territories
2201579,FORT LIARD,60.23,-123.47,Northwest Territories
2201581,FORT LIARD A,60.24,-123.47,Northwest Territories
2201606,FORT MCPHERSON A,67.41,-134.86,Northwest Territories
2201705,TULITA A,64.91,-125.57,Northwest Territories
2201799,FORT PROVIDENCE,61.32,-117.6,Northwest Territories
2201903,FORT RELIANCE (AUT),62.71,-109.17,Northwest Territories
2202010,FORT RESOLUTION A,61.18,-113.69,Northwest Territories
2202101,FORT SIMPSON A,61.76,-121.24,Northwest Territories
2202102,FORT SIMPSON CLIMATE,61.76,-121.24,Northwest Territories
2202103,FORT SIMPSON A,61.76,-121.24,Northwest Territories
2202104,FORT SIMPSON A,61.76,-121.24,Northwest Territories
2202200,FORT SMITH A,60.02,-111.96,Northwest Territories
2202201,FORT SMITH A,60.02,-111.96,Northwest Territories
2202202,FORT SMITH CLIMATE,60.03,-111.93,Northwest Territories
2202203,FORT SMITH A,60.02,-111.96,Northwest Territories
2202351,HANBURY RIVER,63.6,-105.13,Northwest Territories
2202400,HAY RIVER A,60.84,-115.78,Northwest Territories
2202401,HAY RIVER A,60.84,-115.78,Northwest Territories
2202402,HAY RIVER CLIMATE,60.84,-115.78,Northwest Territories
2202403,HAY RIVER A,60.84,-115.78,Northwest Territories
2202560,INNER WHALEBACKS,61.92,-113.73,Northwest Territories
2202571,INUVIK A,68.3,-133.48,Northwest Territories
2202578,INUVIK CLIMATE,68.32,-133.52,Northwest Territories
2202663,KEATS POINT,69.67,-121.67,Northwest Territories
2202678,WHATI,63.13,-117.24,Northwest Territories
2202690,LUTSELK'E A,62.42,-110.68,Northwest Territories
2202801,NORMAN WELLS A,65.28,-126.8,Northwest Territories
2202810,NORMAN WELLS CLIMATE,65.29,-126.75,Northwest Territories
2203055,PAULATUK A,69.36,-124.08,Northwest Territories
2203058,PAULATUK,69.36,-124.08,Northwest Territories
2203095,PELLY ISLAND,69.63,-135.44,Northwest Territories
2203342,RABBIT KETTLE,61.96,-127.21,Northwest Territories
2203359,GAMETI,64.11,-117.33,Northwest Territories
2203365,GAMETI A,64.12,-117.31,Northwest Territories
2203911,TUKTOYAKTUK A,69.43,-133.03,Northwest Territories
2203914,TUKTOYAKTUK,69.43,-133.02,Northwest Territories
2203918,TUKTUT NOGAIT,69.2,-122.36,Northwest Territories
2203980,WEKWEETI A,64.19,-114.08,Northwest Territories
2204005,WRIGLEY A,63.21,-123.44,Northwest Territories
2204100,YELLOWKNIFE A,62.46,-114.44,Northwest Territories
2204101,YELLOWKNIFE A,62.46,-114.44,Northwest Territories
2204300,YOHIN,61.24,-123.74,Northwest Territories
220B68C,LIVERPOOL BAY,69.6,-130.91,Northwest Territories
220B6Q3,LITTLE CHICAGO,67.18,-130.23,Northwest Territories
220CQHR,SAMBAA K'E,60.44,-121.24,Northwest Territories
220LQJJ,STORM HILLS,68.91,-133.94,Northwest Territories
220N003,LINDBURG LANDING,61.13,-122.85,Northwest Territories
220N004,LOWER CARP LAKE,63.6,-113.86,Northwest Territories
220N005,TRAIL VALLEY,68.75,-133.5,Northwest Territories
22CC002,Yellowknife 1.2 NE - GNWT,62.46,-114.35,Northwest Territories
22CC012,FORT SMITH 2.4 WNW,60.02,-111.92,Northwest Territories
22CC014,FORT SMITH 10.6 W,60.02,-112.07,Northwest Territories
22CC015,FORT SMITH 1.3 W,60.01,-111.91,Northwest Territories
22CC017,YELLOWKNIFE 2.6 W,62.45,-114.42,Northwest Territories
22CC019,FORT SMITH 1.2 SE,60.0,-111.87,Alberta
2300427,ARVIAT A,61.09,-94.07,Nunavut
2300500,BAKER LAKE A,64.3,-96.08,Nunavut
2300501,BAKER LAKE CLIMATE,64.32,-96.0,Nunavut
2300503,BAKER LAKE A,64.3,-96.08,Nunavut
2300504,BAKER LAKE A,64.3,-96.08,Nunavut
2300551,BATHURST INLET,66.84,-108.01,
2300710,CHESTERFIELD INLET A,63.35,-90.73,Nunavut
2300902,KUGLUKTUK A,67.82,-115.14,Nunavut
2300903,KUGLUKTUK A,67.82,-115.14,Nunavut
2300904,KUGLUKTUK CLIMATE,67.82,-115.14,Nunavut
2300905,KUGLUKTUK A,67.82,-115.14,Nunavut
2301000,CORAL HARBOUR A,64.19,-83.36,Nunavut
2301002,CORAL HARBOUR A,64.19,-83.36,Nunavut
2301004,CORAL HARBOUR A,64.19,-83.36,Nunavut
2301010,CORAL HARBOUR RCS,64.18,-83.35,Nunavut
2301102,ENNADAI LAKE (AUT),61.13,-100.88,Nunavut
2301153,ARVIAT CLIMATE,61.1,-94.07,Nunavut
2302337,GJOA HAVEN A,68.64,-95.85,Nunavut
2302340,GJOA HAVEN CLIMATE,68.64,-95.85,Nunavut
2302370,HAT ISLAND,68.32,-100.09,Nunavut
2303093,PELLY BAY,68.44,-89.73,Nunavut
2303094,KUGAARUK CLIMATE,68.54,-89.8,Nunavut
2303095,KUGAARUK A,68.54,-89.81,Nunavut
2303401,RANKIN INLET A,62.82,-92.12,Nunavut
2303405,RANKIN INLET A,62.81,-92.11,Nunavut
2303610,ROBERTSON LAKE (AUT),65.1,-102.43,Nunavut
2303660,SANIKILUAQ A,56.54,-79.25,Nunavut
2303668,SANIKILUAQ,56.54,-79.26,Nunavut
2303685,SHEPHERD BAY A,68.82,-93.43,Nunavut
2303990,WHALE COVE A,62.24,-92.6,Nunavut
230N002,LUPIN CS,65.76,-111.25,Nunavut
23CC003,IQALUIT 1.9 ESE,63.74,-68.48,Nunavut
23CC004,IQALUIT 0.3 WNW,63.75,-68.52,Nunavut
2400305,ALERT CLIMATE,82.5,-62.33,Nunavut
2400306,ALERT UA,82.5,-62.33,Nunavut
2400399,ARCTIC BAY,73.01,-85.05,Nunavut
2400404,ARCTIC BAY CS,72.99,-85.01,Nunavut
2400565,BREVOORT ISLAND,63.34,-64.15,Nunavut
2400570,BROUGHTON ISLAND,67.54,-63.79,Nunavut
2400572,QIKIQTARJUAQ A,67.55,-64.03,
2400573,QIKIQTARJUAQ CLIMATE,67.55,-64.03,
2400577,QIKIQTARJUAQ A,67.55,-64.03,
2400600,CAMBRIDGE BAY A,69.11,-105.14,Nunavut
2400601,CAMBRIDGE BAY A,69.11,-105.14,Nunavut
2400602,CAMBRIDGE BAY GSN,69.11,-105.14,Nunavut
2400603,CAMBRIDGE BAY A,69.11,-105.14,Nunavut
2400636,KINNGAIT,64.23,-76.53,Nunavut
2400637,CAPE DORSET A,64.23,-76.53,Nunavut
2400650,CAPE DYER,66.65,-61.38,Nunavut
2400675,CAPE LIVERPOOL,73.67,-78.29,Nunavut
2400697,CAPE PEEL WEST,69.04,-107.82,Nunavut
2400802,CLYDE RIVER CLIMATE,70.48,-68.52,Nunavut
2400804,CLYDE RIVER A,70.49,-68.52,Nunavut
2401030,DEWAR LAKES,68.65,-71.17,Nunavut
2401199,EUREKA CLIMATE,79.99,-85.93,Nunavut
2401200,EUREKA A,79.98,-85.93,
2401208,EUREKA A,79.99,-85.81,Nunavut
2402051,FORT ROSS,72.02,-94.2,Nunavut
2402332,GATESHEAD ISLAND,70.63,-100.27,Nunavut
2402351,GRISE FIORD CLIMATE,76.42,-82.9,Nunavut
2402353,SANIRAJAK,68.78,-81.24,Nunavut
2402354,HALL BEACH A,68.78,-81.24,Nunavut
2402360,GRISE FIORD A,76.43,-82.91,Nunavut
2402546,IGLOOLIK A,69.36,-81.82,Nunavut
2402592,IQALUIT CLIMATE,63.75,-68.54,Nunavut
2402596,IQALUIT A,63.76,-68.56,Nunavut
2402604,ISACHSEN (AUT),78.79,-103.55,Nunavut
2402673,KIMMIRUT A,62.85,-69.88,Nunavut
2402684,LONGSTAFF BLUFF,68.9,-75.14,Nunavut
2403049,PANGNIRTUNG,66.14,-65.71,Nunavut
2403054,PANGNIRTUNG A,66.15,-65.71,
2403201,POND INLET A,72.69,-77.97,Nunavut
2403204,POND INLET CLIMATE,72.69,-77.96,Nunavut
2403206,POND INLET A,72.69,-77.97,Nunavut
2403450,REA POINT,75.38,-105.72,Nunavut
2403495,NAUJAAT A,66.52,-86.22,Nunavut
2403497,RESOLUTE BAY A,74.72,-94.97,Nunavut
2403498,RESOLUTE BAY A,74.72,-94.97,Nunavut
2403505,RESOLUTE CS,74.72,-94.98,Nunavut
2403625,ROWLEY ISLAND,69.08,-79.03,Nunavut
2403756,STEFANSSON ISLAND,73.77,-105.3,
2403833,SVARTEVAEG,81.16,-91.82,Nunavut
2403854,TALOYOAK A,69.55,-93.58,Nunavut
2403855,TALOYOAK A,69.55,-93.58,Nunavut
2403856,TALOYOAK A,69.55,-93.58,Nunavut
2403945,WAGER BAY (AUT),65.88,-89.45,Nunavut
2500440,NANGMAGVIK LAKE,74.14,-119.99,Northwest Territories
2501419,CAPE PROVIDENCE,74.46,-112.16,Northwest Territories
2502503,ULUKHAKTOK A,70.76,-117.81,Northwest Territories
2502505,HOLMAN CS,70.76,-117.8,Northwest Territories
2503648,SACHS HARBOUR CLIMATE,71.99,-125.25,Northwest Territories
2503649,SACHS HARBOUR A,71.99,-125.24,Northwest Territories
2503886,THOMSEN RIVER,73.23,-119.54,Northwest Territories
250M001,MOULD BAY CS,76.24,-119.35,Northwest Territories
3010010,ABEE AGDM,54.28,-112.97,Alberta
3010060,ALBERT HALL AGCM,53.11,-111.18,Alberta
3010162,ALLIANCE AGCM,52.32,-111.78,Alberta
3010237,ANDREW AGDM,53.92,-112.28,Alberta
3010540,BATTLE HEADWATERS,52.93,-114.2,Alberta
3010650,BELLSHILL AGCM,52.58,-111.47,Alberta
3010730,BODO AGDM,52.12,-110.1,Alberta
3010815,BRETON,53.17,-114.48,Alberta
3010816,BRETON PLOTS,53.09,-114.44,Alberta
3010979,BUSBY AGCM,53.93,-113.92,Alberta
3010992,CADOGAN AGCM,52.33,-110.51,Alberta
3011120,CALMAR,53.29,-113.86,Alberta
3011240,CAMROSE,53.05,-112.82,Alberta
3011663,CLEARWATER,51.98,-115.25,Alberta
3011815,CONSORT AGDM,51.94,-110.71,Alberta
3011887,CORONATION CLIMATE,52.07,-111.45,Alberta
3011892,CRESTOMERE AGCM,52.73,-113.9,Alberta
3011953,DAKOTA WEST,52.75,-113.95,Alberta
3012050,DELBURNE AGCM,52.18,-113.18,Alberta
3012073,DEWBERRY AGCM,53.66,-110.59,Alberta
3012192,EDGERTON AGCM,52.78,-110.43,Alberta
3012205,EDMONTON INT'L A,53.32,-113.58,Alberta
3012206,EDMONTON INTERNATIONAL CS,53.31,-113.61,Alberta
3012209,EDMONTON BLATCHFORD,53.57,-113.52,Alberta
3012210,EDMONTON NAMAO A,53.67,-113.47,Alberta
3012212,EDMONTON NAMAO AWOS A,53.67,-113.47,Alberta
3012216,EDMONTON INTL A,53.31,-113.58,Alberta
3012220,EDMONTON SOUTH CAMPUS,53.49,-113.54,Alberta
3012229,EDMONTON VILLENEUVE A,53.67,-113.86,Alberta
301222F,EDMONTON STONY PLAIN,53.55,-114.11,Alberta
3012275,ELK ISLAND NAT PARK,53.68,-112.87,Alberta
3012282,ELK RIVER AFS,52.97,-115.87,Alberta
3012515,FABYAN,52.97,-111.0,Alberta
3012590,FERINTOSH AGCM,52.74,-112.86,Alberta
3012635,FLEET AGCM,52.04,-111.81,Alberta
3012652,FORESTBURG PLANT SITE,52.47,-112.12,Alberta
3012653,FORESTBURG AGCM,52.55,-112.12,Alberta
3012710,FORT SASKATCHEWAN,53.72,-113.18,Alberta
3012790,GILT EDGE NORTH AGCM,53.07,-110.62,Alberta
3012799,ST. FRANCIS,53.29,-114.32,Alberta
3012810,GLADSTONE AGCM,52.99,-112.28,Alberta
3012818,GLENEVIS AGCM,53.83,-114.54,Alberta
3012871,GOOSEBERRY LAKE AGCM,52.11,-110.8,Alberta
3012999,HALKIRK AGCM,52.12,-112.16,Alberta
3013140,HEMARUKA AGCM,51.78,-111.21,Alberta
3013340,HOLDEN AGDM,53.19,-112.25,Alberta
3013362,HUGHENDEN AGCM,52.58,-110.78,Alberta
3013640,KILLAM AGDM,52.85,-111.87,Alberta
3013644,KESSLER AGCM,52.29,-111.11,Alberta
3013647,KINSELLA RESEARC STATION,53.05,-111.55,Alberta
3013660,KITSCOTY AGCM,53.35,-110.42,Alberta
3013790,LEGAL AGCM,54.0,-113.47,Alberta
3013921,LINDBERGH AGDM,53.94,-110.58,Alberta
3013959,LLOYDMINSTER,53.31,-110.07,Alberta
3013961,LLOYDMINSTER A,53.31,-110.07,Alberta
3014154,MAGEE LAKE,52.62,-113.41,Alberta
3014195,MANNVILLE AGCM,53.46,-111.26,Alberta
3014600,MONITOR,52.02,-110.55,Alberta
3014665,MUNDARE AGDM,53.57,-112.3,Alberta
3014690,MYRNAM AGCM,53.72,-111.11,Alberta
3014795,NEW SAREPTA AGCM,53.26,-113.17,Alberta
3014921,OLIVER AGDM,53.65,-113.35,Alberta
3015346,RADWAY AGCM,54.0,-112.88,Alberta
3015401,RANFURLY AUTO,53.42,-111.73,Alberta
3015480,RIBSTONE SOUTH AGCM,52.59,-110.34,Alberta
3015501,RIVERCOURSE AGCM,53.02,-110.1,Alberta
3015523,ROCKY MTN HOUSE (AUT),52.42,-114.91,Alberta
3015600,ROSALIND AGCM,52.79,-112.42,Alberta
3015673,ST. LINA AGCM,54.28,-111.45,Alberta
3015676,ST. PAUL AGCM,54.01,-111.27,Alberta
3015797,SEDALIA AGCM,51.59,-110.75,Alberta
3015900,SHONTS AGCM,53.33,-112.54,Alberta
3016022,SMOKY LAKE AGDM,54.28,-112.5,Alberta
3016070,SPONDIN AGCM,51.82,-111.68,Alberta
3016124,STETTLER AGDM,52.35,-112.6,Alberta
3016441,THORSBY AGCM,53.22,-113.89,Alberta
3016505,TOMAHAWK AGDM,53.44,-114.72,Alberta
3016593,TULLIBY LAKE AGCM,53.66,-110.08,Alberta
3016650,UNCAS,53.5,-113.03,Alberta
3016655,TWO HILLS AGDM,53.63,-111.68,Alberta
3016802,VERMILION AGDM,53.34,-110.88,Alberta
3016841,VIKING AGCM,53.18,-111.73,Alberta
3016852,VILNA AGCM,54.13,-111.92,Alberta
3016860,VIOLET GROVE CS,53.14,-115.13,Alberta
3016GF0,VEGREVILLE,53.51,-112.1,Alberta
3017282,WETASKIWIN AGCM,52.98,-113.44,Alberta
3017705,YOUNGSTOWN AGCM,51.49,-111.22,Alberta
301A001,EDMONTON STONY PLAIN CS,53.55,-114.11,Alberta
301B460,ESTHER 1,51.67,-110.21,Alberta
301S001,WAINWRIGHT CFB AIRFIELD 21,52.83,-111.1,Alberta
301X001,PIBROCH AGCM,54.31,-113.82,Alberta
301X002,REDWATER INDUSTRIAL,53.84,-113.1,Alberta
301X003,LLOYDMINSTER LITE,53.36,-110.03,Alberta
301X005,WARDLOW AGCM,50.95,-111.56,Alberta
3020035,ACADIA VALLEY,51.07,-110.32,Alberta
3020405,ATLEE AGCM,50.81,-111.01,Alberta
3020610,BEISEKER AGCM,51.38,-113.36,Alberta
3020679,BIG VALLEY AGCM,52.0,-112.8,Alberta
3020950,BUFFALO AGCM,50.8,-110.69,Alberta
3021000,CABIN LAKE AGCM,51.02,-111.22,Alberta
3021200,CAPPON,51.07,-110.8,Alberta
3021463,CEREAL AGCM,51.28,-110.82,Alberta
3021667,COALCAMP CREEK,51.73,-114.93,Alberta
3021912,CRAIGMYLE AGCM,51.78,-112.25,Alberta
3022078,DICKSON DAM,52.05,-114.22,Alberta
30221LG,DRUMHELLER EAST,51.45,-112.68,Alberta
3022650,FINNEGAN AGCM,51.05,-112.1,Alberta
3022990,HAND HILLS AGCM,51.45,-112.14,Alberta
3023200,HESPERO AGCM,52.31,-114.49,Alberta
3023402,HUSSAR AGDM,51.18,-112.5,Alberta
3023513,JAMES RIVER RANGER STATION,51.89,-114.99,Alberta
3023660,KIRRIEMUIR AGCM,51.91,-110.36,Alberta
3023722,LACOMBE CDA 2,52.45,-113.76,Alberta
3023740,LEEDALE AGDM,52.55,-114.47,Alberta
3023850,LINDEN AGCM,51.62,-113.66,Alberta
3023900,LODGE CREEK,49.46,-110.34,Alberta
3024668,MORRIN AGDM,51.66,-112.68,Alberta
3024925,OLDS AGDM,51.76,-114.08,Alberta
3024965,OYEN AGDM,51.38,-110.35,Alberta
3025013,PATRICIA AGCM,50.74,-111.62,Alberta
3025243,POLLOCKVILLE AGDM,51.13,-111.71,Alberta
3025297,PRENTISS,52.43,-113.6,Alberta
3025480,RED DEER A,52.18,-113.89,Alberta
3025484,RED DEER REGIONAL A,52.18,-113.89,Alberta
3025750,ST. ALBERT RESEARCH STATION,53.69,-113.62,Alberta
3025768,SCHULER AGDM,50.31,-110.09,Alberta
3025890,SHEERNESS AGCM,51.46,-111.65,Alberta
3026264,SUNNYNOOK AGCM,51.3,-111.39,Alberta
3026479,THREE HILLS,51.77,-113.21,Alberta
3026800,VERGER,50.9,-111.96,Alberta
3026KNQ,SUNDRE A,51.78,-114.68,Alberta
3027582,WIMBORNE AGCM,51.94,-113.59,Alberta
3030200,ARDENVILLE,49.53,-113.43,Alberta
3030450,AZURE,50.51,-114.01,Alberta
3030525,BARNWELL AGDM,49.8,-112.3,Alberta
3030529,BARONS AGCM,50.03,-113.22,Alberta
3030540,BASSANO AGCM,50.89,-112.47,Alberta
3030555,BEAUVAIS PARK,49.42,-114.1,Alberta
3030680,BLACK DIAMOND,50.71,-114.15,Alberta
3030690,BLACKIE AGCM,50.55,-113.64,Alberta
3030720,BLOOD TRIBE AGDM,49.57,-113.05,Alberta
3030768,BOW ISLAND,49.73,-111.45,Alberta
3030772,BOW ISLAND IRRIGATION AGDM,49.87,-111.37,Alberta
3030830,BROCKET AGDM,49.62,-113.82,Alberta
3030879,BULL SPRINGS AGCM,50.34,-110.48,Alberta
3030QLP,BROOKS,50.56,-111.85,Alberta
3031092,CALGARY INTL A,51.12,-114.01,Alberta
3031094,CALGARY INT'L CS,51.11,-114.0,Alberta
3031109,CALGARY SPRINGBANK A,51.11,-114.37,Alberta
3031322,CARDSTON,49.2,-113.29,Alberta
3031402,CARWAY,49.0,-113.38,Alberta
3031480,CHAMPION AGDM,50.28,-113.35,Alberta
3031640,CLARESHOLM,50.0,-113.64,Alberta
3031875,COP UPPER,51.08,-114.22,Alberta
3032422,ENCHANT AGDM,50.18,-112.43,Alberta
3032450,ETZIKOM AGCM,49.55,-111.05,Alberta
3032550,FINCASTLE AGDM,49.8,-112.03,Alberta
3032642,FOREMOST AGDM,49.48,-111.49,Alberta
3032683,FORT MACLEOD AGCM,49.79,-113.38,Alberta
3032801,GLEICHEN AGCM,50.93,-112.94,Alberta
3032818,GLENWOOD,49.33,-113.52,Alberta
3032927,GRASSY LAKE,49.87,-111.73,Alberta
3033498,IRON SPRINGS AGDM,49.9,-112.73,Alberta
3033505,PRIDDIS OBSERVATORY,50.87,-114.29,Alberta
3033550,IRVINE AGCM,49.99,-110.26,Alberta
3033620,KEOMA AGCM,51.19,-113.63,Alberta
3033770,LATHOM AGCM,50.6,-112.3,Alberta
3033782,LEE CREEK 99,49.0,-113.54,Alberta
3033875,LETHBRIDGE,49.63,-112.8,Alberta
3033877,LETHBRIDGE AGTECH AGCM,49.65,-112.76,Alberta
3033892,LETHBRIDGE CDA 2,49.7,-112.78,Alberta
3033897,LETHBRIDGE DEMO FARM AGDM,49.68,-112.75,Alberta
3034479,MEDICINE HAT,50.02,-110.72,Alberta
3034485,MEDICINE HAT RCS,50.03,-110.72,Alberta
3034489,MEDICINE LODGE LO,49.63,-110.32,Alberta
3034577,MOSSLEIGH AGCM,50.67,-113.35,Alberta
3034795,NIER AGDM,51.37,-114.1,Alberta
3035198,PINCHER CREEK,49.52,-114.0,Alberta
3035208,PINCHER CREEK CLIMATE,49.52,-114.0,Alberta
3035224,PINE COULEE RESERVOIR,50.12,-113.75,Alberta
3035228,PINE COULEE FP,50.12,-113.75,Alberta
3035340,QUEENSTOWN,50.61,-112.98,Alberta
3035342,QUEENSTOWN,50.6,-112.8,Alberta
3035355,RAINIER AGCM,50.37,-112.12,Alberta
3035362,RALSTON AGCM,50.1,-111.21,Alberta
3035422,RAYMOND AGDM,49.48,-112.68,Alberta
3035530,ROLLING HILLS AGCM,50.27,-111.7,Alberta
3035650,ROSEMARY AGDM,50.83,-112.05,Alberta
3035845,SEVEN PERSONS AGDM,49.92,-110.92,Alberta
3036040,SOCIAL PLAINS AGCM,50.73,-110.21,Alberta
3036086,STANDARD AGCM,51.23,-112.98,Alberta
3036099,STAVELY AAFC,50.18,-113.88,Alberta
3036205,STRATHMORE AGDM,51.03,-113.28,Alberta
3036360,TABER,49.79,-112.12,Alberta
3036380,TENNESSEE CREEK,49.69,-113.98,Alberta
3036485,TIDE LAKE AGCM,50.46,-111.32,Alberta
3036500,TRAVERS AGCM,50.3,-112.86,Alberta
3037675,WRENTHAM AGDM,49.5,-112.12,Alberta
303M9JM,OKOTOKS,50.73,-113.96,Alberta
303N1G3,PICTURE BUTTE WEST,49.87,-112.79,Alberta
3042045,DEL BONITA AGDM,49.05,-112.82,Alberta
3044203,MANYBERRIES AGCM,49.36,-110.68,Alberta
3044232,MASINASIN AGDM,49.14,-111.65,Alberta
3044533,MILK RIVER,49.13,-112.05,Alberta
3044545,MILK RIVER RIDGE RESERVOIR,49.28,-112.54,Alberta
3044923,ONEFOUR CDA,49.12,-110.47,Alberta
3045000,PAKOWKI LAKE AGCM,49.22,-111.13,Alberta
3045100,PINHORN AGCM,49.03,-111.03,Alberta
3046951,WARNER AGCM,49.28,-112.16,Alberta
3050070,AKAMINA PASS,49.03,-114.05,Alberta
3050519,BANFF CS,51.19,-115.55,Alberta
3050602,BEAVER MINES,49.47,-114.18,Alberta
3050778,BOW VALLEY,51.08,-115.07,Alberta
3050960,BULLHORN COULEE RESERVOIR,49.3,-113.36,Alberta
3050965,BULLHORN HEADWATERS,49.15,-113.55,Alberta
3050974,BURNS CREEK,50.62,-114.88,Alberta
3051430,CASTLE,49.4,-114.33,Alberta
3051478,CHAPEL ROCK,49.72,-114.28,Alberta
3051545,CHIEF CUSTOMS,49.0,-113.67,Alberta
3051766,COMPRESSION RIDGE,50.9,-114.92,Alberta
3051932,COX HILL,50.98,-114.95,Alberta
3051R4R,CROWSNEST,49.63,-114.48,Alberta
3051R51,CUTHEAD LAKE,51.45,-115.77,Alberta
3052270,ELBOW RS,50.9,-114.7,Alberta
3052602,FALLEN TIMBER,51.53,-115.1,Alberta
30526EL,FORGET ME NOT MOUNTAIN,50.73,-114.7,Alberta
3052D82,EVANS THOMAS,50.78,-115.05,Alberta
3052PP6,GHOST DIVERSION,51.3,-115.13,Alberta
3053250,HIGHWOOD AU (B1),50.55,-114.37,Alberta
3053512,JAMES RIVER HEADWATERS,51.77,-115.32,Alberta
3053536,JASPER WARDEN,52.93,-118.03,Alberta
3053552,JOB CREEK,52.35,-116.78,Alberta
3053600,KANANASKIS,51.03,-115.03,Alberta
3053760,LAKE LOUISE,51.43,-116.22,Alberta
3053908,LIMESTONE RIDGE,51.9,-115.38,Alberta
3053988,LOST CREEK SOUTH,50.17,-114.7,Alberta
3054733,MOUNT ODLUM,50.48,-114.9,Alberta
3054843,NORDEGG CS,52.49,-116.04,Alberta
3054R99,PASQUE,50.1,-114.62,Alberta
3055119,PEKISKO,50.37,-114.42,Alberta
3055237,POLL HAVEN AFS,49.03,-113.6,Alberta
3055302,PRAIRIE BLUFF,49.31,-114.09,Alberta
3055343,RACEHORSE CREEK,49.82,-114.63,Alberta
3055379,RAM FALLS,52.08,-115.85,Alberta
3055754,SASK RIVER CROSSING 2,51.97,-116.72,Alberta
3055761,SCALP CREEK,51.8,-115.65,Alberta
3055768,SCOTCH CAMP,51.67,-115.8,Alberta
3055976,SKOKI,51.53,-116.05,Alberta
3055H8C,SHEEP RIVER 2,50.65,-114.62,Alberta
3056055,SOUTH ESK,52.67,-117.21,Alberta
3056056,SOUTH GHOST HEADWATERS,51.21,-115.17,Alberta
3056067,SPIONKOP CREEK,49.22,-114.08,Alberta
3056100,ST. MARY RESERVOIR,49.36,-113.11,Alberta
3056212,STREETER,50.12,-114.07,Alberta
3056214,WATERTON PARK GATE,49.13,-113.81,Alberta
3056267,SUNSHINE CS,51.07,-115.78,Alberta
3057242,WATERTON RED ROCK,49.13,-114.03,Alberta
3057376,WHITECOURT A,54.14,-115.79,Alberta
3057570,WILLOW CREEK,50.25,-114.35,Alberta
3057673,YA HA TINDA  AFS,51.65,-115.36,Alberta
3057K55,WESTCASTLE,49.28,-114.37,Alberta
305A002,BOW SUMMIT (PC),51.72,-116.48,Alberta
305B0R2,DOGRIB CREEK,51.67,-115.51,Alberta
305B769,GARDINER CREEK,49.37,-114.52,Alberta
305FMQQ,THREE ISLE LAKE,50.63,-115.28,Alberta
305FQKP,VICARY CREEK,49.8,-114.47,Alberta
305L9K4,LIVINGSTONE AIRFIELD,50.05,-114.43,Alberta
305LRKB,LITTLE ELBOW SUMMIT,50.71,-114.99,Alberta
305MGFF,NAKISKA RIDGETOP,50.94,-115.19,Alberta
305NJ61,PELLETIER CREEK,49.67,-114.48,Alberta
305NKQR,PORCUPINE LOOKOUT,49.89,-114.0,Alberta
305PE6R,WILLOUGHBY RIDGE,49.55,-114.5,Alberta
305PKMM,WATER VALLEY,51.5,-114.72,Alberta
3060330,ATHABASCA AGCM,54.63,-113.38,Alberta
3060406,ATMORE AGDM,54.78,-112.83,Alberta
3060535,BARRHEAD CS,54.09,-114.45,Alberta
3060756,BOVINE CREEK AFS,56.11,-112.55,Alberta
3060903,BRULE BLACK CAT,53.35,-117.87,Alberta
3060L20,ATHABASCA 1,54.72,-113.29,Alberta
3061201,CAMPSIE AUTO,54.13,-114.68,Alberta
3061350,CARROT CREEK,53.62,-115.89,Alberta
3061570,CHISHOLM LO,54.93,-114.03,Alberta
3061580,CHRISTINA LO,55.58,-111.85,Alberta
3061930,COWPAR LO,55.83,-110.38,Alberta
3062150,EAGLE LO,54.47,-116.42,Alberta
3062239,EDSON,53.58,-116.47,Alberta
3062246,EDSON CLIMATE,53.58,-116.45,Alberta
3062451,ENTWISTLE,53.6,-114.98,Alberta
3062476,EVANSBURG2 AGCM,53.61,-115.06,Alberta
3062630,FLATTOP LO,55.15,-114.8,Alberta
3062660,FORT ASSINIBOINE AGCM,54.41,-114.77,Alberta
3062696,FORT MCMURRAY CS,56.65,-111.21,Alberta
3062697,FORT MCMURRAY A,56.65,-111.22,Alberta
3062880,GOOSE MOUNTAIN LO,54.75,-116.07,Alberta
3062889,GORDON LAKE LO,56.62,-110.5,Alberta
3062946,GREENCOURT,54.01,-115.21,Alberta
3062968,GROUND ZERO AFS,55.02,-110.62,Alberta
3063120,HEART LAKE LO,55.0,-111.33,Alberta
3063135,HENDRICKSON CREEK,53.8,-118.45,Alberta
3063165,HIGH PRAIRIE AGDM,55.4,-116.48,Alberta
3063167,HIGH PRAIRIE - BANANA BELT,55.16,-116.42,Alberta
3063347,HOUSE MOUNTAIN LO,55.03,-115.62,Alberta
3063600,ISLAND LAKE SOUTH,54.82,-113.54,Alberta
3063640,KINIKINIK,54.56,-112.98,Alberta
3063686,LAC LA BICHE CLIMATE,54.77,-112.02,Alberta
3063R2L,LITTLE PADDLE HEADWATERS,54.02,-115.5,Alberta
3064219,MARTEN HILLS AFS,55.54,-114.56,Alberta
3064284,MAYERTHORPE 2,53.85,-115.35,Alberta
3064300,MAY LO,55.62,-112.35,Alberta
3064528,MILDRED LAKE,57.04,-111.56,Alberta
3064968,PADDLE DAM,53.9,-115.08,Alberta
3064970,PADDLE RIVER HEADWATERS,53.85,-115.53,Alberta
3065082,PEAVINE,55.84,-116.27,Alberta
3065200,PLEASANT VIEW,54.96,-113.32,Alberta
3065475,RICH LAKE AGDM,54.5,-111.7,Alberta
3065515,ROCK ISLAND LAKE LO,55.33,-113.47,Alberta
3065560,ROUND HILL LO,55.3,-111.98,Alberta
3065693,SALTEAUX,54.87,-114.77,Alberta
3065710,SAND RIVER LO,54.65,-110.98,Alberta
3065712,ISPAS,53.85,-111.84,Alberta
3065765,SCHWARTZ CREEK,53.43,-116.52,Alberta
3065995,SLAVE LAKE,55.29,-114.78,Alberta
3065997,SLAVE LAKE RCS,55.29,-114.78,Alberta
3066367,TAWATINAW AGCM,54.3,-113.52,Alberta
3066FME,TWIN LAKES,54.07,-114.8,Alberta
3067371,WHITECOURT,54.14,-115.78,Alberta
3067542,WILDHAY,53.87,-117.55,Alberta
3067586,WINDFALL AFS,54.19,-116.25,Alberta
306A009,HINTON VALLEY,53.4,-117.54,Alberta
306BGCQ,FREEMAN RIVER,54.55,-115.3,Alberta
306GE70,WILLOW CREEK 1,53.39,-118.35,Alberta
306X001,DUCK LAKE AGCM,54.69,-113.94,Alberta
3070495,BALLATER AGCM,55.58,-117.24,Alberta
3070600,BEAVERLODGE RCS,55.2,-119.4,Alberta
3070800,BROWNVALE AGCM,56.12,-117.89,Alberta
3070NLN,BASNETT,57.37,-119.82,Alberta
3071661,CLEAR HILLS AGCM,56.53,-117.93,Alberta
3071957,DEADWOOD AGCM,56.72,-117.54,Alberta
3072093,DOIG LO,56.97,-119.55,Alberta
3072151,EAGLESHAM AGCM,55.81,-117.89,Alberta
3072246,EGG ISLAND,58.98,-110.44,Alberta
3072525,FAIRVIEW AGDM,56.08,-118.44,Alberta
3072655,FORT CHIPEWYAN,58.77,-111.12,Alberta
3072659,FORT CHIPEWYAN RCS,58.77,-111.12,Alberta
3072723,FORT VERMILION,58.38,-116.04,Alberta
3072921,GRANDE PRAIRIE A,55.18,-118.88,Alberta
3073071,HAWK HILLS AGCM,57.26,-117.3,Alberta
3073140,HIGH LEVEL A,58.62,-117.16,Alberta
3073146,HIGH LEVEL A,58.62,-117.16,Alberta
3073148,HIGH LEVEL RCS,58.63,-117.16,Alberta
3073511,JACKPINE AFS,56.88,-116.56,Alberta
3073535,JEAN COTE AGCM,55.91,-117.12,Alberta
3073644,KEG RIVER AGCM,57.79,-117.68,Alberta
3073730,LA CRETE AGCM,58.17,-116.34,Alberta
3073740,LA GLACE AGCM,55.42,-119.25,Alberta
3074190,MANNING AGDM,56.97,-117.45,Alberta
3074494,MEEKWAP,54.62,-116.67,Alberta
3074582,MISTANUSK CREEK,54.59,-120.01,British Columbia
3074900,NOTIKEWIN LO,56.87,-118.58,Alberta
3074935,CLEARDALE AGDM,56.31,-119.75,Alberta
3075040,PEACE RIVER A,56.23,-117.45,Alberta
3075041,PEACE RIVER A,56.23,-117.45,Alberta
3075043,ROMA,56.19,-117.45,Alberta
3075160,PEORIA AGDM,55.62,-118.29,Alberta
3075172,PICADELLY,57.65,-114.53,Alberta
3075225,PINTO LO,54.78,-119.4,Alberta
3075488,RED EARTH,56.55,-115.28,Alberta
3075550,ROCKY LANE AGCM,58.45,-116.48,Alberta
3075601,RYCROFT AGCM,55.78,-118.67,Alberta
3075770,SAVANNA AGCM,56.08,-119.34,Alberta
3075937,SIMONETTE,54.42,-117.74,Alberta
3076069,SPIRIT RIVER AUTO STATION,55.69,-119.23,Alberta
3076330,SWEETGRASS LANDING,58.85,-112.0,Alberta
3076366,TEEPEE CREEK AGCM,55.35,-118.41,Alberta
3076530,TOMPKINS LANDING AGCM,58.02,-116.85,Alberta
3076680,VALLEYVIEW AGDM,55.1,-117.2,Alberta
3077498,WHITESAND AFS,59.43,-114.9,Alberta
307F0G9,SPRING CREEK MOOSE,54.95,-117.73,Alberta
307KPFP,GARDEN RIVER,58.71,-113.87,Alberta
3081680,COLD LAKE A,54.42,-110.28,Alberta
3081690,DUPRE AGCM,54.37,-110.87,Alberta
308X001,BEAVERDAM AGCM,54.18,-110.32,Alberta
3AAADAF,ADAIR AUTO,59.16,-118.33,Alberta
3AAADEN,ADEN LITE,49.14,-111.21,Alberta
3AAALGA,ALGAR AUTO,56.16,-111.72,Alberta
3AAAMAF,AMBER AUTO,59.18,-119.46,Alberta
3AAANAF,ANSELL AUTO,53.55,-116.5,Alberta
3AAAURO,AURORA,57.24,-111.41,Alberta
3AAAWAF,ANTLER WEST AUTO,54.09,-119.8,Alberta
3AAAWAN,ALTAWAN EVAPORATION STATION,49.25,-110.01,Alberta
3AAB4KA,KANANASKI BOUNDARY AUTO,50.93,-115.12,Alberta
3AAB5PE,PETER LOUGHEED PARK,50.71,-115.12,Alberta
3AAB7EB,ELBOW AUTO,50.91,-114.69,Alberta
3AAB8NG,NORTH GHOST,51.57,-114.86,Alberta
3AABATR,BATTLE RIVER AUTO,57.17,-117.66,Alberta
3AABCAF,BASSET  AUTO,58.2,-118.22,Alberta
3AABDAF,BALD MOUNTAIN AUTO,54.81,-118.92,Alberta
3AABDAM,BEAVERDAM AGCM,54.18,-110.32,Alberta
3AABERL,BERLAND AUTO,54.09,-117.4,Alberta
3AABHAF,BLUE HILL AUTO,51.71,-115.22,Alberta
3AABIRM,BIRCH MOUNTAIN AUTO,57.69,-111.83,Alberta
3AABNAF,BUCKTON AUTO,57.94,-112.4,Alberta
3AABSAF,BISON LAKE AUTO,57.11,-116.51,Alberta
3AABTAF,BLACKSTONE AUTO,52.77,-116.33,Alberta
3AABZAF,BRAZEAU AUTO,53.04,-115.44,Alberta
3AAC1LI,LIVINGSTON GAP AUTO,49.88,-114.38,Alberta
3AAC4BL,BLAIRMORE RANGER STATION,49.61,-114.45,Alberta
3AAC5CY,CYPRESS HILLS,49.64,-110.33,Alberta
3AACALA,CARSELAND AGCM,50.93,-113.54,Alberta
3AACAMB,CAMBRIAN AUTO,59.26,-110.8,Alberta
3AACANC,CANMORE CIVIC CENTRE,-99.9,-99.9,
3AACCAF,CARROT CREEK AUTO,53.44,-115.85,Alberta
3AACHIN,CHINCHAGA AUTO,57.11,-118.33,Alberta
3AACHIP,CHIPEWYAN LAKES AUTO,56.99,-113.42,Alberta
3AACLAF,CHAIN LAKES AUTO,50.18,-114.18,Alberta
3AACNAF,CANMORE AUTO,51.11,-115.37,Alberta
3AACOMR,COMREY LITE,49.11,-110.7,Alberta
3AACOUC,COUGAR CREEK,-99.9,-99.9,
3AACUAF,CADOTTE AUTO,56.3,-116.43,Alberta
3AADEVO,DEVONA,53.2,-118.02,Alberta
3AADHAF,DIAMOND HILLS AUTO,52.62,-115.09,Alberta
3AADIVH,DIVIDE HILLS AGCM,52.21,-113.61,Alberta
3AADMAF,DEER MOUNTAIN AUTO,54.91,-115.16,Alberta
3AADPRE,DUPRE LITE,54.36,-110.88,Alberta
3AADUCK,DUCK LAKE AGCM,54.68,-113.94,Alberta
3AAE5GC,GRANDE CACHE,53.92,-118.87,Alberta
3AAE7EN,ENTRANCE AUTO,53.38,-117.7,Alberta
3AAECHT,ENCHANT 2 AGCM,50.18,-112.41,Alberta
3AAECOC,ECONOMY CREEK AUTO,54.79,-118.23,Alberta
3AAEDRA,EDRA AUTO,57.85,-113.25,Alberta
3AAELLS,ELLS RIVER AUTO,57.21,-112.31,Alberta
3AAENIL,ENILDA  AUTO,55.32,-116.2,Alberta
3AAEURE,EUREKA RIVER AGCM,56.51,-118.84,Alberta
3AAF2PO,PONDEROSA AUTO,59.21,-117.06,Alberta
3AAF3LA,LAMBERT AUTO,58.03,-114.14,Alberta
3AAF5BI,BISTCHO LAKE AUTO,59.91,-118.96,Alberta
3AAFGAF,FOGGY MOUNTAIN  AUTO,58.69,-114.99,Alberta
3AAFLAF,FOOTNER LAKE AUTO,58.61,-117.16,Alberta
3AAFNAF,FELTON CREEK AUTO,53.27,-117.2,Alberta
3AAFONT,FONTAS AUTO,57.78,-119.5,Alberta
3AAFPAF,FRYING PAN AUTO,54.47,-118.22,Alberta
3AAFSAF,FISH CREEK AUTO,53.49,-117.65,Alberta
3AAFTAF,FLAT TOP AUTO,55.15,-114.82,Alberta
3AAG1KA,KAKWA AUTO,54.18,-119.06,Alberta
3AAGAHN,GAHERN LITE,-99.9,-99.9,
3AAGFAF,GRAVE FLATS AUTO,52.89,-116.99,Alberta
3AAGHAF,GHOST LAKE AUTO,51.21,-114.77,Alberta
3AAGHRS,GHOST RS,51.32,-114.96,Alberta
3AAGIFT,GIFT LAKE AUTO,55.9,-115.76,Alberta
3AAGOAT,GOATHAUNT,48.96,-113.89,
3AAHCKM,HINES CREEK MOBILE,56.28,-118.48,Alberta
3AAHHAF,HAWK HILLS AUTO,57.66,-117.42,Alberta
3AAHILD,HILDA LITE,50.52,-110.3,Alberta
3AAHNCK,HINES CREEK LITE,56.33,-118.68,Alberta
3AAHOME,HOMESTEAD COULEE AGCM,51.27,-111.84,Alberta
3AAHORI,HORIZON,57.38,-111.94,Alberta
3AAHOSE,HOSELAW AGCM,54.19,-110.92,Alberta
3AAHOTC,HOTCHKISS AUTO,57.33,-118.96,Alberta
3AAHUAF,HUCKLEBERRY AUTO,53.98,-118.18,Alberta
3AAIDDL,IDDELSLEIGH AGCM,50.68,-111.31,Alberta
3AAIMPA,IMPERIAL AUTO,54.47,-115.57,Alberta
3AAJEAF,JEAN LAKE AUTO,57.5,-113.88,Alberta
3AAJOHL,JOHNSON LAKE AUTO,57.57,-110.33,Alberta
3AAJURS,JUMPINGPOUND RANGER STATION,51.04,-114.73,Alberta
3AAKAAF,KAKWA TOWER AUTO,54.42,-118.98,Alberta
3AAKEAF,KEG AUTO,57.64,-118.35,Alberta
3AAKETC,KETCHUM CREEK AGCM,49.23,-110.77,Alberta
3AAKIMI,KIMIWAN AUTO,55.99,-116.61,Alberta
3AAKIRB,KIRBY LAKE AUTO,55.36,-110.65,Alberta
3AAL3DU,DUNKIRK AUTO,56.77,-112.49,Alberta
3AAL5KE,KEANE AUTO,58.31,-110.28,Alberta
3AALEIS,LEISMER AUTO,55.69,-111.28,Alberta
3AALGAF,LEGEND AUTO,57.45,-112.88,Alberta
3AALLDM,LLOYDMINSTER LITE,53.36,-110.03,Alberta
3AALOAF,LOVETT AUTO,53.03,-116.66,Alberta
3AALUSC,LUSCAR CREEK,53.06,-117.33,Alberta
3AALYDM,LLOYDMINSTER MOBILE,53.32,-110.03,Alberta
3AAMARW,MARWAYNE LITE,53.51,-110.21,Alberta
3AAMBAF,MAYBERNE AUTO,53.86,-116.66,Alberta
3AAMDAF,MEDICINE LAKE AUTO,52.82,-114.87,Alberta
3AAMLAF,MEDICINE LODGE AUTO,53.55,-116.97,Alberta
3AAMOAF,MOBERLY AUTO,53.53,-118.02,Alberta
3AAMPAF,MOUNTAIN PARK  AUTO,52.91,-117.28,Alberta
3AAMRAF,MARTEN MOUNTAIN AUTO,55.47,-114.79,Alberta
3AAMRNM,MYRNAM LITE,53.71,-111.13,Alberta
3AAMUSK,MUSKWA  AUTO,56.08,-114.65,Alberta
3AAMUSM,MUSKEG MOUNTAIN AUTO,57.14,-110.89,Alberta
3AANMAF,NOSE MOUNTAIN AUTO,54.55,-119.58,Alberta
3AANOTA,NOTIKEWIN AUTO,56.87,-118.6,Alberta
3AAOTTE,OTTER LAKES AUTO,56.7,-115.92,Alberta
3AAPANN,PANNY AUTO,57.18,-114.61,Alberta
3AAPASS,PASS CREEK,54.23,-116.84,Alberta
3AAPDAF,PETITOT  AUTO,59.52,-119.61,Alberta
3AAPIBR,PIBROCH AGCM,54.31,-113.82,Alberta
3AAPICB,PICTURE BUTTE LITE,49.9,-112.75,Alberta
3AAPIER,PIERRE,-99.9,-99.9,
3AAPIKA,PIKA RUN,51.46,-116.12,Alberta
3AAPOAF,PONTON  AUTO,58.93,-116.22,Alberta
3AAPUAF,PUSKWASKAU AUTO,55.22,-117.49,Alberta
3AAPYAF,FORT CHIPEWYAN AUTO,58.77,-111.11,Alberta
3AAR4KO,KOOTENAY PLAINS AUTO,52.06,-116.41,Alberta
3AARBAF,RAINBOW LAKE AUTO,58.5,-119.41,Alberta
3AARDWY,RADWAY LITE,54.02,-112.98,Alberta
3AAREDA,RED EARTH AUTO,56.66,-115.11,Alberta
3AAREDC,RED COAT LITE,49.27,-110.61,Alberta
3AAREDI,REDWATER INDUSTRIAL,53.84,-113.01,Alberta
3AARICA,RICHARDSON  AUTO,57.89,-110.97,Alberta
3AARIDG,MILK RIVER RIDGE,49.23,-112.85,Alberta
3AAROSS,ROSS CREEK LITE,53.6,-112.65,Alberta
3AARPAR,PARLBY CREEK NEAR MIRROR,52.49,-113.11,Alberta
3AARUSH,RUSH LAKE AEDM,49.71,-110.66,Alberta
3AAS4KI,KINUSO,55.3,-115.49,Alberta
3AAS5LO,LOON RIVER,57.14,-115.08,Alberta
3AAS7AL,CHIP ALPAC,56.53,-113.47,Alberta
3AASAAF,SADDLE HILLS AUTO,55.62,-119.72,Alberta
3AASAGE,SAGE CREEK LITE,-99.9,-99.9,
3AASALT,SALT PRAIRIE AUTO,55.66,-115.83,Alberta
3AASANL,SANDY LAKE AUTO,55.82,-113.67,Alberta
3AASEAF,SHEEP RIVER AUTO,50.64,-114.51,Alberta
3AASHAF,STRACHAN,52.24,-115.2,Alberta
3AASIAF,SIMONETTE AUTO,54.23,-118.41,Alberta
3AASMRS,ST. MARY RANGER STATION,48.74,-113.42,
3AASNUM,SNUFF MOUNTAIN AUTO,54.68,-117.54,Alberta
3AASTEE,STEEPBANK,57.03,-111.43,Alberta
3AASTEV,STEVEVILLE LITE,50.8,-111.46,Alberta
3AASUAF,SHUNDA AUTO,52.49,-115.75,Alberta
3AASULL,SULLIVAN CREEK,50.51,-114.44,Alberta
3AASUND,SUNDRE,51.77,-114.64,Alberta
3AASURM,SURMONT,-99.9,-99.9,
3AASVAF,STEEN RIVER AUTO,59.63,-117.79,Alberta
3AASWAN,SWAN DIVE AUTO,54.73,-115.36,Alberta
3AASWEA,SWEATHOUSE AUTO,54.9,-116.75,Alberta
3AATALB,TALBOT LAKE AUTO,57.35,-115.66,Alberta
3AATEEL,TEEPEE LAKE AUTO,56.46,-114.12,Alberta
3AATHCK,THREE CREEKS AGCM,56.4,-117.03,Alberta
3AATONY,TONY AUTO,54.41,-117.49,Alberta
3AATROU,TROUT MOUTAIN AUTO,56.8,-114.42,Alberta
3AATSAF,TERSHISHNER AUTO,52.34,-116.36,Alberta
3AATWRI,TWIN RIVER LITE,49.11,-112.31,Alberta
3AAVEGA,VEGA AUTO,54.43,-114.43,Alberta
3AAVERN,VERNON LAKE LITE,49.29,-111.37,Alberta
3AAVINA,VILNA LITE,54.21,-112.02,Alberta
3AAVULC,VULCAN AGCM,50.41,-113.17,Alberta
3AAW2ET,ETA LAKE AUTO,53.18,-115.69,Alberta
3AAW5FC,FOX CREEK AUTO,54.4,-116.8,Alberta
3AAW6TI,TIMEU CREEK AUTO,54.66,-114.61,Alberta
3AAW7BE,BERLAND HILLS AUTO,54.15,-117.89,Alberta
3AAWAAF,WAIPAROUS AUTO,51.41,-115.09,Alberta
3AAWABA,WABASCA AUTO,55.96,-113.83,Alberta
3AAWAND,WANDERING RIVER AUTO,55.2,-112.5,Alberta
3AAWARD,WARDLOW AGCM,50.95,-111.56,Alberta
3AAWDAF,WHITEMUD AUTO,56.42,-118.0,Alberta
3AAWFRD,WINNIFRED AGCM,49.89,-111.26,Alberta
3AAWHIF,WHITEFISH AUTO,56.18,-115.47,Alberta
3AAWHIT,WHITECOURT AUTO,54.03,-115.72,Alberta
3AAWMAF,WHITE MOUNTAIN AUTO,55.71,-119.25,Alberta
3AAWMUD,WHITEMUD CREEK AGCM,55.4,-117.18,Alberta
3AAWORS,WORSLEY AGCM,56.37,-119.18,Alberta
3AAWRCK,WHITE RABBIT CREEK,51.98,-116.17,Alberta
3AAWUAF,WADLIN AUTO,57.78,-115.46,Alberta
3AAYAAF,YATES AUTO,59.9,-116.35,Alberta
3CC0001,EDMONTON 9.1 NNW,53.61,-113.56,Alberta
3CC0002,EDMONTON 5.3 NE,53.57,-113.44,Alberta
3CC0004,Calgary 12.5 S,50.93,-114.04,Alberta
3CC0006,Cochrane 2.1 SSE - BRBC,51.17,-114.47,Alberta
3CC0012,Calgary 2.0 NW - BRBC,51.06,-114.08,Alberta
3CC0014,Grande Prairie 3.5 NE,55.2,-118.76,Alberta
3CC0015,High River 0.5 ESE - BRBC,50.58,-113.87,Alberta
3CC0017,Okotoks 1.4 SE - BRBC,50.72,-113.97,Alberta
3CC0022,Brooks 29.9 SE - BRBC,50.41,-111.55,Alberta
3CC0023,Benchlands Top West 0.7 WNW - BRBC,51.29,-114.81,Alberta
3CC0024,Brooks 0.5 SSW - BRBC,50.56,-111.9,Alberta
3CC0025,Calgary 9.9 W - BRBC,51.06,-114.2,Alberta
3CC0031,Lavoy 11.4 N,53.56,-111.87,Alberta
3CC0039,Mossleigh 7.6 WSW - BRBC,50.7,-113.43,Alberta
3CC0046,Vauxhall 0.7 NNW - BRBC,50.07,-112.11,Alberta
3CC0051,Lavoy 9.5 NNE,53.53,-111.8,Alberta
3CC0053,Cochrane 12.3 N - BRBC,51.3,-114.52,Alberta
3CC0054,Cochrane 20.4 NE - BRBC,51.33,-114.3,Alberta
3CC0055,Langdon 5.9 WSW -BRBC,50.96,-113.75,Alberta
3CC0056,Grassy Lake 12.2 NNW - BRBC,49.92,-111.79,Alberta
3CC0059,Calgary 10.7 SSW,50.96,-114.12,Alberta
3CC0064,Edmonton 11.2 SSW,53.44,-113.56,Alberta
3CC0067,GEM 13.6 NE,51.05,-112.08,Alberta
3CC0076,SUNDRE 4.4 S,51.76,-114.65,Alberta
3CC0077,BEAVER MINES 7.2 S,49.39,-114.2,Alberta
3CC0083,CALGARY 16.0 S,50.9,-114.05,Alberta
3CC0093,CALGARY 13.5 S,50.93,-114.03,Alberta
3CC0094,BRAGG CREEK 0.5 ESE,50.95,-114.56,Alberta
3CC0096,CALGARY 14.4 SSE,50.92,-114.01,Alberta
3CC0097,VULCAN 7.6 SSW,50.34,-113.29,Alberta
3CC0120,AETNA 1.0 WSW,49.13,-113.25,Alberta
3CC0127,CLARESHOLM 1.3 NNW,50.03,-113.59,Alberta
3CC0134,CALGARY 10.5 SSW,50.96,-114.12,Alberta
3CC0147,CALGARY 16.6 SSE,50.9,-113.99,Alberta
3CC0158,CALGARY 11.8 SSE,50.94,-114.01,Alberta
3CC0163,NEVIS 6.5 N,52.39,-113.03,Alberta
3CC0166,OLDS 22.2 W,51.77,-114.43,Alberta
3CC0181,EDMONTON 7.1 S,53.47,-113.51,Alberta
3CC0183,PRIDDIS 4.3 SSW - BRBC,50.85,-114.35,Alberta
3CC0186,PEACE RIVER 0.5 NNW,56.24,-117.3,Alberta
3CC0199,BELLEVUE 1.2 SSE,49.57,-114.36,Alberta
3CC0201,EDSON 1.4 ENE,53.59,-116.42,Alberta
3CC0202,LONGVIEW 5.9 ENE,50.54,-114.15,Alberta
3CC0204,EDMONTON 12.0 SSE,53.44,-113.4,Alberta
3CC0205,JASPER 0.4 ENE,52.87,-118.09,Alberta
3CC0206,LEDUC 1.9 SSE,53.25,-113.53,Alberta
3CC0208,CALGARY 8.0 SE,50.99,-113.98,Alberta
3CC0209,LETHBRIDGE 0.5 ENE,49.69,-112.83,Alberta
3CC0214,CALGARY 16.5 NW,51.15,-114.23,Alberta
3CC0221,COCHRANE LAKE SUBD. 14.0 NE,51.32,-114.33,Alberta
3CC0222,EDMONTON 13.3 SSE,53.42,-113.45,Alberta
3CC0226,FAIRVIEW 0.7 WNW,56.07,-118.39,Alberta
3CC0227,EDMONTON 4.6 E,53.53,-113.43,Alberta
3CC0228,WAINWRIGHT 1.2 ENE,52.84,-110.84,Alberta
3CC0230,EDMONTON 11.9 SW,53.47,-113.64,Alberta
3CC0233,ST. ALBERT 2.0 SE,53.62,-113.6,Alberta
3CC0235,OKOTOKS 1.1 SW,50.72,-113.99,Alberta
3CC0241,EDMONTON 5.4 SSW,53.49,-113.53,Alberta
3CC0244,EDMONTON 10.3 W,53.53,-113.65,Alberta
3CC0246,WEMBLEY 0.3 ESE,55.15,-119.14,Alberta
3CC0247,RED DEER 4.3 NNW,52.3,-113.84,Alberta
3CC0249,SHERWOOD PARK 1.9 SW,53.52,-113.31,Alberta
3CC0250,COOKING LAKE 6.8 SSE,53.36,-113.07,Alberta
3CC0252,LOMOND 13.7 ENE,50.42,-112.48,Alberta
3CC0254,SHERWOOD PARK 1.4 SE,53.53,-113.27,Alberta
3CC0256,FORT MCMURRAY 0.4 E,56.73,-111.38,Alberta
3CC0257,CALGARY 9.3 NW,51.11,-114.15,Alberta
3CC0259,DEVON 1.3 S,53.35,-113.72,Alberta
3CC0263,FORT SASKATCHEWAN 3.5 SW,53.68,-113.27,Alberta
3CC0264,SHERWOOD PARK 14.8 ESE,53.46,-113.1,Alberta
3CC0265,VAUXHALL 14.7 NNW,50.2,-112.16,Alberta
3CC0268,LEDUC 0.9 SE,53.26,-113.54,Alberta
3CC0269,BOW ISLAND 1.6 NW,49.88,-111.39,Alberta
3CC0270,CAMROSE 1.1 E,53.02,-112.82,Alberta
3CC0272,ENCHANT 0.6 SSW,50.16,-112.43,Alberta
4010811,BRATT'S LAKE CLIMATE,50.2,-104.71,Saskatchewan
4010879,BROADVIEW,50.37,-102.57,Saskatchewan
4010984,BUFFALO POUND LAKE,50.55,-105.38,Saskatchewan
4012300,DUVAL,51.18,-104.87,Saskatchewan
4012403,ESTEVAN A,49.21,-102.97,Saskatchewan
4012410,ESTEVAN,49.22,-102.97,Saskatchewan
4013480,INDIAN HEAD CDA,50.55,-103.65,Saskatchewan
4013660,KELLIHER,51.26,-103.75,Saskatchewan
4014040,KIPLING,50.2,-102.73,Saskatchewan
4014156,LAST MOUNTAIN CS,51.42,-105.25,Saskatchewan
4014322,LEROY,52.0,-104.63,Saskatchewan
4014481,LIPTON 2,51.15,-103.89,Saskatchewan
4015322,MOOSE JAW CS,50.33,-105.54,Saskatchewan
4015440,MUENSTER,52.33,-105.0,Saskatchewan
4015800,OXBOW,49.32,-102.12,Saskatchewan
4015870,PARKERVIEW,51.4,-103.27,Saskatchewan
4016322,QU'APPELLE 1,50.57,-103.98,Saskatchewan
4016566,REGINA INTL A,50.43,-104.67,Saskatchewan
4016699,REGINA RCS,50.43,-104.67,Saskatchewan
4018642,WATROUS EAST,51.67,-105.4,Saskatchewan
4019041,YELLOW GRASS NORTH,49.82,-104.18,Saskatchewan
4019073,YORKTON,51.26,-102.46,Saskatchewan
4019075,YORKTON,51.26,-102.46,Saskatchewan
40190LN,WYNYARD (AUT),51.77,-104.2,Saskatchewan
401HP5R,WEYBURN,49.7,-103.8,Saskatchewan
4020286,ASSINIBOIA AIRPORT,49.73,-105.95,Saskatchewan
4020560,BEECHY,50.83,-107.31,Saskatchewan
4022359,ELBOW CS,51.13,-106.58,Saskatchewan
4023240,HIGH POINT,50.98,-107.94,Saskatchewan
4024714,LUCKY LAKE,50.95,-107.15,Saskatchewan
4024919,MAPLE CREEK,49.9,-109.47,Saskatchewan
4026847,ROCK POINT,51.15,-107.26,Saskatchewan
4027775,STEWART VALLEY,50.6,-107.8,Saskatchewan
4028038,SWIFT CURRENT,50.29,-107.69,Saskatchewan
4028060,SWIFT CURRENT CDA,50.27,-107.73,Saskatchewan
402DAF0,LEADER AIRPORT,50.91,-109.5,Saskatchewan
40318MN,CORONACH SPC,49.05,-105.48,Saskatchewan
4031999,CYPRESS HILLS PARK,49.64,-109.51,Saskatchewan
4032322,EASTEND CYPRESS (AUT),49.44,-108.99,Saskatchewan
4034910,MANKOTA,49.1,-107.02,Saskatchewan
4036844,ROCKGLEN (AUT),49.17,-105.98,Saskatchewan
4038412,VAL MARIE SOUTHEAST,49.06,-107.59,Saskatchewan
4040587,BICKLEIGH,51.29,-108.41,Saskatchewan
4041000,BUTTE ST PIERRE,53.45,-109.2,Saskatchewan
4043899,KINDERSLEY A,51.52,-109.18,Saskatchewan
4043900,KINDERSLEY A,51.52,-109.18,Saskatchewan
4043901,KINDERSLEY A,51.52,-109.18,Saskatchewan
4045607,NORTH BATTLEFORD RCS,52.77,-108.26,Saskatchewan
4045695,NORTH BATTLEFORD,52.77,-108.24,Saskatchewan
4046884,ROSETOWN EAST,51.57,-107.92,Saskatchewan
4047240,SCOTT CDA,52.36,-108.83,Saskatchewan
4047644,SONNINGDALE,52.32,-107.77,Saskatchewan
4048521,WASECA RCS,53.13,-109.41,Saskatchewan
4053264,HOEY,52.85,-105.78,Saskatchewan
4055079,MELFORT,52.82,-104.6,Saskatchewan
4055736,OUTLOOK PFRA,51.48,-107.05,Saskatchewan
4056121,PILGER,52.42,-105.15,Saskatchewan
4056240,PRINCE ALBERT A,53.22,-105.67,Saskatchewan
4056241,PRINCE ALBERT A,53.21,-105.67,Saskatchewan
4056243,PRINCE ALBERT GLASS FIELD,53.21,-105.68,Saskatchewan
4057152,SASKATOON INTL A,52.17,-106.7,Saskatchewan
4057165,SASKATOON RCS,52.17,-106.72,Saskatchewan
4060983,BUFFALO NARROWS (AUT),55.84,-108.42,Saskatchewan
4060988,BUFFALO NARROWS A,55.84,-108.42,Saskatchewan
4061570,CIGAR LAKE,58.08,-104.48,Saskatchewan
4061620,COLLINS BAY SK,58.23,-103.68,Saskatchewan
4061632,COLLINS BAY CAMECO,58.18,-103.7,Saskatchewan
4063605,ISLAND FALLS (AUT),55.53,-102.35,Saskatchewan
4063623,JIMMY LAKE AWOS,54.91,-109.96,Saskatchewan
4063753,KEY LAKE,57.25,-105.6,Saskatchewan
4063757,KEY LAKE,57.26,-105.62,Saskatchewan
4064149,LA RONGE RCS,55.15,-105.27,Saskatchewan
4064155,LA RONGE A,55.15,-105.27,Saskatchewan
4064620,LOON LAKE RCS,54.02,-109.14,Saskatchewan
4065063,MEADOW LAKE A,54.13,-108.52,Saskatchewan
4067655,SOUTHEND,56.33,-103.28,Saskatchewan
4067723,SPIRITWOOD WEST,53.37,-107.55,Saskatchewan
4067799,STONY RAPIDS,59.25,-105.84,Saskatchewan
4068559,WASKESIU LAKE,53.92,-106.07,Saskatchewan
406N0NM,MEADOW LAKE,54.13,-108.52,Saskatchewan
406QLD0,URANIUM CITY (AUT),59.57,-108.48,Saskatchewan
4075525,NIPAWIN,53.33,-104.01,Saskatchewan
407N51G,NIPAWIN,53.33,-104.0,Saskatchewan
4083324,HUDSON BAY(AUT),52.82,-102.32,Saskatchewan
4CC0002,REGINA 3.8 NW,50.48,-104.64,Saskatchewan
4CC0003,VIBANK 0.1 N,50.34,-103.95,Saskatchewan
4CC0006,CONQUEST 4.5 N,51.57,-107.23,Saskatchewan
4CC0009,CRAVEN 4.6 E,50.71,-104.74,Saskatchewan
4CC0014,CARNDUFF 1.4 NNE,49.19,-101.79,Saskatchewan
4CC0022,MOOSE JAW 3.3 SW,50.38,-105.57,Saskatchewan
4CC0030,SWIFT CURRENT 1.75 S,50.27,-107.8,Saskatchewan
4CC0032,EMMA LAKE 4.3 N,53.61,-105.89,Saskatchewan
4CC0037,Wynyard 14.2 SE,51.71,-103.99,Saskatchewan
4CC0044,WATROUS 0.25 ENE,51.67,-105.47,Saskatchewan
4CC0048,ILE-A-LA-CROSSE 4.55 NNW,55.49,-107.92,Saskatchewan
4CC0051,SASKATOON 8.0 S,52.06,-106.64,Saskatchewan
4CC0056,LIMERICK 0.1 W,49.65,-106.26,Saskatchewan
4CC0060,ROCKHAVEN 2.5 W,52.67,-108.91,Saskatchewan
4CC0072,CODETTE 8.6 SSW,53.21,-104.07,Saskatchewan
4CC0074,HOLBEIN 11.3 NNE,53.33,-106.14,Saskatchewan
4CC0086,REGINA 4.2 SW,50.42,-104.64,Saskatchewan
4CC0091,STRASBOURG 25.6 E,51.12,-104.99,Saskatchewan
4CC0093,LUMSDEN 5.4 SSW,50.6,-104.9,Saskatchewan
4CC0098,REGINA 7.6 NW,50.5,-104.66,Saskatchewan
4CC0099,Prince Albert 2.1 ESE,53.19,-105.72,Saskatchewan
4CC0100,Whitefox 19NE,53.56,-103.98,Saskatchewan
4CC0101,SPALDING 7.1 SW,52.29,-104.58,Saskatchewan
4CC0107,Weyburn 1 E,49.67,-103.85,Saskatchewan
4CC0108,Saskatoon 14 SSW,52.01,-106.72,Saskatchewan
4CC0110,Christopher Lake 6.5 WNW,53.57,-105.88,Saskatchewan
4CC0111,Albertville 0.1 E,53.39,-105.54,Saskatchewan
4CC0117,Lucky Lake 2.7 ESE,50.99,-106.93,Saskatchewan
4CC0120,Saskatoon 23.7 WNW,52.21,-106.98,Saskatchewan
4CC0130,Saskatoon 3.3 SE,52.11,-106.63,Saskatchewan
4CC0137,Maryfield 0.4 E,49.84,-101.53,Saskatchewan
4CC0147,Clavet 11.3 SW,51.92,-106.49,Saskatchewan
4CC0156,Craik 1.5 NE,51.06,-105.81,Saskatchewan
4CC0159,Radville 18.4 SW - 4H,49.36,-104.5,Saskatchewan
4CC0169,Saskatoon 4.3 NNE,52.16,-106.63,Saskatchewan
4CC0175,REGINA 5.6 SE,50.42,-104.53,Saskatchewan
4CC0180,LANGHAM 0.4 W,52.36,-106.96,Saskatchewan
4CC0187,SHAUNAVON 18.1 N,49.81,-108.45,Saskatchewan
4CC0188,SASKATOON 20.6 WNW,52.21,-106.93,Saskatchewan
4CC0189,REGINA 1.7 W,50.45,-104.62,Saskatchewan
4CC0190,DAVIN 6.4 WSW,50.35,-104.19,Saskatchewan
4CC0191,REGINA 1.3 S,50.44,-104.59,Saskatchewan
4CC0193,DALMENY 0.5 NNW,52.34,-106.78,Saskatchewan
4CC0196,ROSTHERN 12.8 SE,52.59,-106.17,Saskatchewan
4CC0197,MOOSE JAW 1.0 WSW,50.39,-105.55,Saskatchewan
4CC0198,PREECEVILLE 0.2 S,51.95,-102.67,Saskatchewan
4CC0199,WILKIE 20.7 SSE,52.25,-108.56,Saskatchewan
4CC0200,FORT QU'APPELLE 1.3 WSW,50.76,-103.81,Saskatchewan
4CC0206,ESTERHAZY 0.5 NE,50.66,-102.07,Saskatchewan
4CC0208,HAFDOR ACRES,52.49,-107.11,Saskatchewan
4CC0210,PRINCE ALBERT 2.9 ESE,53.19,-105.7,Saskatchewan
4CC0211,BREDENBURY 0.6 NNE,50.94,-102.05,Saskatchewan
4CC0212,WEYBURN 1.4 S,49.66,-103.86,Saskatchewan
4CC0215,HOLBEIN 0.4 S,53.23,-106.19,Saskatchewan
4CC0216,LIPTON 24.0 ESE,50.8,-103.54,Saskatchewan
4CC0217,CANORA 0.2 SE,51.63,-102.43,Saskatchewan
4CC0219,NIPAWIN 2.2 ENE,53.37,-104.0,Saskatchewan
4CC0221,HUMBOLDT 1.2 S,52.19,-105.12,Saskatchewan
4CC0222,WARMAN 2.0 WNW,52.33,-106.6,Saskatchewan
4CC0223,QUINTON 0.2 N,51.39,-104.41,Saskatchewan
4CC0225,DALMENY 0.3 E,52.34,-106.77,Saskatchewan
4CC0226,EATONIA 0.1 WNW,51.22,-109.39,Saskatchewan
4CC0227,SPIRITWOOD 0.2 WSW,53.37,-107.52,Saskatchewan
4CC0231,NORTH BATTLEFORD 0.5 ENE,52.78,-108.29,Saskatchewan
4CC0234,SWIFT CURRENT 2.5 NW,50.3,-107.82,Saskatchewan
5010140,BALDUR,49.28,-99.29,Manitoba
5010481,BRANDON A,49.91,-99.95,Manitoba
5010490,BRANDON RCS,49.9,-99.95,Manitoba
5010547,CARBERRY CS,49.91,-99.36,Manitoba
5010641,CYPRESS RIVER RCS,49.56,-99.07,Manitoba
5010QFQ,ELKHORN 2 EAST,49.93,-101.2,Manitoba
5012300,PORTAGE ROMANCE,49.98,-98.3,Manitoba
5012321,PORTAGE LA PRAIRIE CDA,49.95,-98.27,Manitoba
5012324,PORTAGE SOUTHPORT,49.9,-98.28,Manitoba
5012469,ROBLIN,51.18,-101.36,Manitoba
5012654,SHOAL LAKE CS,50.45,-100.6,Manitoba
5012961,VIRDEN WATER,49.84,-100.93,Manitoba
5013117,WASAGAMING,50.66,-99.94,Manitoba
501A7AR,MELITA,49.28,-100.99,Manitoba
501B4G2,ROBLIN FRIESEN 3 NORTHWEST,51.27,-101.4,Manitoba
501BMMA,RIVERS PETTAPIECE,50.11,-100.18,Manitoba
501KE01,ROSSBURN 4 NORTH,50.75,-100.82,Manitoba
5020725,DEERWOOD RCS,49.4,-98.32,Manitoba
5020881,EMERSON AUTO,49.0,-97.24,
5021220,GRETNA (AUT),49.03,-97.56,Manitoba
5021302,HOLLAND,49.61,-98.88,Manitoba
5021500,KLEEFELD (MAFRI),49.52,-96.9,Manitoba
5021695,MARQUETTE,50.01,-97.81,Manitoba
5021849,MORDEN CDA CS,49.19,-98.08,Manitoba
5022051,OAKBANK,49.93,-96.85,Manitoba
5022125,PILOT MOUND (AUT),49.19,-98.9,Manitoba
5022575,ST LABRE,49.35,-96.04,Manitoba
5022623,SCHANZENFELD,49.13,-97.95,Manitoba
5022759,SPRAGUE,49.02,-95.6,Manitoba
5022791,STONY MOUNTAIN,50.12,-97.17,Manitoba
5023225,WINNIPEG CHARLESWOOD 2,49.85,-97.27,Manitoba
5023227,WINNIPEG INTL A,49.91,-97.24,Manitoba
5023262,WINNIPEG THE FORKS,49.89,-97.13,Manitoba
502I001,CARMAN U OF M CS,49.5,-98.03,Manitoba
502S001,WINNIPEG A CS,49.92,-97.25,Manitoba
5030203,BERENS RIVER CS,52.36,-97.02,Manitoba
5030204,BERENS RIVER A,52.36,-97.02,Manitoba
5030984,GEORGE ISLAND (AUT),52.82,-97.62,Manitoba
50309J6,FISHER BRANCH (AUT),51.08,-97.55,Manitoba
5031041,GIMLI HARBOUR CS,50.63,-96.98,Manitoba
5031042,GIMLI CLIMATE,50.63,-97.05,Manitoba
5031201,GREAT FALLS CLIMATE,50.52,-95.98,Manitoba
5031320,INDIAN BAY,49.62,-95.2,
5031A10,GRAND RAPIDS (AUT),53.19,-99.27,Manitoba
5032161,PINAWA CANWARN,50.15,-95.89,Manitoba
5032360,RENNIE,49.85,-95.53,Manitoba
5032951,VICTORIA BEACH (AUT),50.7,-96.57,Manitoba
503B1ER,PINAWA,50.18,-96.06,Manitoba
5040166,BEAVER,50.05,-98.7,Manitoba
5040681,DAUPHIN CS,51.1,-100.06,Manitoba
5040689,DAUPHIN,51.1,-100.05,Manitoba
5040FJ3,COWAN,52.03,-100.65,Manitoba
5041685,MAFEKING,52.67,-101.1,Manitoba
5043158,MCCREARY,50.71,-99.53,Manitoba
504K0NM,OAKPOINT MARINE,50.5,-98.04,Manitoba
504K80K,SWAN RIVER RCS,52.11,-101.23,Manitoba
5050919,FLIN FLON,54.68,-101.68,Manitoba
5050920,FLIN FLON,54.77,-101.88,Manitoba
5050973,FLIN FLON A,54.68,-101.68,Manitoba
5052880,THE PAS A,53.97,-101.1,Manitoba
5052882,THE PAS A,53.97,-101.09,Manitoba
5052890,THE PAS CLIMATE,53.97,-101.1,Manitoba
5060595,CHURCHILL A,58.74,-94.07,Manitoba
5060605,CHURCHILL A,58.74,-94.07,Manitoba
5060608,CHURCHILL CLIMATE,58.73,-94.07,Manitoba
5060622,CROSS LAKE JENPEG 2,54.54,-98.03,Manitoba
5060999,GILLAM,56.36,-94.7,Manitoba
5061022,GILLAM A,56.36,-94.71,Manitoba
5061025,GILLAM A,56.36,-94.71,Manitoba
5061374,ISLAND LAKE A,53.86,-94.65,Manitoba
5061422,KELSEY DAM CS,56.04,-96.51,Manitoba
5061645,LYNN LAKE,56.86,-101.08,Manitoba
5061649,LYNN LAKE RCS,56.85,-101.07,Manitoba
5062040,NORWAY HOUSE,53.96,-97.84,Manitoba
5062835,TADOULE LAKE,58.71,-98.51,Manitoba
5062840,TADOULE LAKE CS,58.72,-98.5,Manitoba
5062921,THOMPSON A,55.8,-97.86,Manitoba
5CC0000,WINNIPEG 0.2 SSE TEST,49.9,-97.14,Manitoba
5CC0007,ALONSA 0.2 SE,50.8,-98.98,Manitoba
5CC0008,BRANDON 20.2 SE,49.76,-99.85,Manitoba
5CC0020,WOODLANDS 1.5 SE,50.2,-97.65,Manitoba
5CC0023,MIAMI 10.4 SW,49.3,-98.33,Manitoba
5CC0031,KILLARNEY 1.2 NE,49.19,-99.65,Manitoba
5CC0032,PINAWA 1.0 SW,50.15,-95.89,Manitoba
5CC0043,HIGH BLUFF 7.4 NNE,50.08,-98.1,Manitoba
5CC0044,EMERSON 5.5 W,49.02,-97.31,Manitoba
5CC0045,WINKLER 2.0 SSE,49.16,-97.93,Manitoba
5CC0048,LOCKPORT 2.1 WSW,50.08,-96.97,Manitoba
5CC0049,KILLARNEY 7.2 NNW,49.24,-99.71,Manitoba
5CC0050,MORDEN 3 NNE,49.22,-98.09,Manitoba
5CC0052,CLANDEBOYE 3.2 N,50.27,-96.97,Manitoba
5CC0053,HARGRAVE 5.7 WNW,49.93,-101.16,Manitoba
5CC0056,LORETTE 3.2 NW,49.76,-96.91,Manitoba
5CC0057,WINNIPEG BEACH 2.2 SE,50.49,-96.95,Manitoba
5CC0062,STEINBACH 8.8 SSW,49.45,-96.74,Manitoba
5CC0065,LOCKPORT 1.4 NNW,50.09,-96.95,Manitoba
5CC0067,MANITOU 0.03 S,49.24,-98.54,Manitoba
5CC0075,VIRDEN 3.8 SE,49.84,-100.88,Manitoba
5CC0076,WALDERSEE 0.1 S,50.56,-99.05,Manitoba
5CC0077,MORDEN 18.9 S,49.02,-98.11,Manitoba
5CC0079,NEEPAWA 0.3 WSW,50.23,-99.47,Manitoba
5CC0084,OAK LAKE 7.8 NE,49.81,-100.55,Manitoba
5CC0090,STE ANNE 4.8 E,49.67,-96.58,Manitoba
5CC0091,WINNIPEG 11.2 W,49.88,-97.29,Manitoba
5CC0092,MORRIS 6.3 NE,49.4,-97.31,Manitoba
5CC0102,OAK RIVER 4.7 N,50.18,-100.44,Manitoba
5CC0106,SUNDOWN 3.5 W,49.1,-96.32,Manitoba
5CC0113,ARGYLE 8.5 N,50.28,-97.45,Manitoba
5CC0116,MORDEN 1.2 SSW,49.18,-98.1,Manitoba
5CC0121,GREEN RIDGE 2.2 NW,49.18,-97.01,Manitoba
5CC0124,WINNIPEG 8.5 E,49.91,-97.02,Manitoba
5CC0126,BOISSEVAIN 7.5 WSW,49.2,-100.15,Manitoba
5CC0127,WINNIPEG 12.2 SSW,49.79,-97.16,Manitoba
5CC0133,ST PIERRE JOLYS 2.5 NW,49.46,-97.01,Manitoba
5CC0134,JUSTICE 3.5 WSW,49.98,-99.84,Manitoba
5CC0136,SARTO 5.2 NNE,49.45,-96.73,Manitoba
5CC0141,WINNIPEG 4.8 SSE -EE,49.86,-97.11,Manitoba
5CC0143,WINNIPEG 10.3 E,49.9,-97.0,Manitoba
5CC0144,PORTAGE LA PRAIRIE 4.2 ESE,49.96,-98.24,Manitoba
5CC0155,BRANDON 6.1 WNW -4H,49.87,-100.04,Manitoba
5CC0157,NEGGINAN 23.5 SW,54.93,-97.43,Manitoba
5CC0160,WINNIPEG 12.0 WSW -STAM,49.87,-97.3,Manitoba
5CC0162,DURBAN 43.9 SSE,51.55,-101.29,Manitoba
5CC0163,PINEY 16.1 SE -MAF,49.02,-95.96,Manitoba
5CC0164,WINNIPEG 11.8 W,49.89,-97.31,Manitoba
5CC0180,NARCISSE 0.6 WNW -4H,50.69,-97.53,Manitoba
5CC0181,SANFORD 0.8 ESE,49.68,-97.44,Manitoba
5CC0184,DARLINGFORD 11.6 SE,49.13,-98.27,Manitoba
5CC0187,Winnipeg 11.9 S,49.79,-97.14,Manitoba
5CC0195,Hamiota 4.6 ESE,50.17,-100.54,Manitoba
5CC0198,WINNIPEG 9.8 W -BRUCEMDLSCHOOL,49.88,-97.27,Manitoba
5CC0201,WINNIPEG 8.1 E,49.89,-97.03,Manitoba
5CC0202,WINNIPEG 3.3 W,49.9,-97.19,Manitoba
5CC0205,ROSENORT 0.0 NNW,49.46,-97.43,Manitoba
5CC0206,WINNIPEG 9.6 WSW,49.86,-97.26,Manitoba
5CC0214,St Francois Xavier 8.7 NW,49.96,-97.63,Manitoba
5CC0222,Beausejour 7.9 SE - MAFRD,50.01,-96.43,Manitoba
5CC0224,Vita 0.2 E,49.13,-96.56,Manitoba
5CC0225,Wawanesa 8.1 NNW,49.67,-99.71,Manitoba
5CC0228,Morden 0.8 E - 4H,49.19,-98.1,Manitoba
5CC0237,Winnipeg 12.0 SSW,49.8,-97.22,Manitoba
5CC0243,Sundown 13.0 SE -SRRCD,49.01,-96.17,Manitoba
5CC0244,Morris 12.4 ESE - SRRCD,49.33,-97.2,Manitoba
5CC0245,Zhoda 2.9 SE - SRRCD,49.28,-96.51,Manitoba
5CC0246,Rosa 3.5 SE - SRRCD,49.23,-96.81,Manitoba
5CC0249,Letellier 3.4 WSW,49.12,-97.35,Manitoba
5CC0251,Winkler 1.6 NNW,49.19,-97.95,Manitoba
5CC0252,Lorette 0.7 SW,49.73,-96.88,Manitoba
5CC0264,Virden 0.8 W - 4H,49.86,-100.93,Manitoba
5CC0266,La Salle 4.3 E - 4H,49.7,-97.21,Manitoba
5CC0270,East St Paul 0.4 SSW,49.98,-97.01,Manitoba
5CC0271,Letellier 0.6 ENE,49.14,-97.3,Manitoba
5CC0273,Somerset 0.5 S,49.41,-98.66,Manitoba
5CC0292,Brandon 3.1 NNE,49.87,-99.94,Manitoba
5CC0296,Headingley 0.6 SW - CANWARN,49.87,-97.41,Manitoba
5CC0298,Gardenton 4.2 W - SRRCD,49.09,-96.75,Manitoba
5CC0318,Morris 14.2 ESE,49.32,-97.18,Manitoba
5CC0323,Steinbach 1.5 NNE,49.54,-96.68,Manitoba
5CC0331,Morris 8.2 ENE,49.37,-97.26,Manitoba
5CC0335,Libau 6.9 ENE,50.3,-96.63,Manitoba
5CC0339,Morris 0.6 E,49.35,-97.36,Manitoba
5CC0346,St Germain South 2.5 W,49.77,-97.16,Manitoba
5CC0361,Winnipeg 0.3 S,49.9,-97.14,Manitoba
5CC0362,Cypress River 0.3 WNW,49.56,-99.09,Manitoba
5CC0364,Winnipeg 11.8 W,49.89,-97.3,Manitoba
5CC0365,WEST ST PAUL 1.8 WSW,50.01,-97.13,Manitoba
5CC0367,ROBLIN 5.9 SSE,51.18,-101.33,Manitoba
5CC0368,WHITESHELL 1.3 NE,49.74,-95.19,Manitoba
5CC0369,MATLOCK 6.3 WSW,50.42,-97.05,Manitoba
5CC0371,ST LEON INTERPRETIVE CTR 0.1 SSE,49.36,-98.59,Manitoba
5CC0374,WINNIPEG 7.6 ESE,49.89,-97.04,Manitoba
5CC0375,MANITOU 5.7 NNW,49.28,-98.57,Manitoba
5CC0376,PILOT MOUND 0.2 E,49.2,-98.89,Manitoba
5CC0377,STEPHENFIELD 10.2 NNE,49.6,-98.21,Manitoba
5CC0379,ELIE 3.4 S,49.87,-97.77,Manitoba
5CC0380,STONEWALL 1.5 WSW,50.13,-97.34,Manitoba
5CC0382,WINNIPEG 8.7 SE,49.84,-97.06,Manitoba
5CC0385,STONEWALL 9.4 NE,50.2,-97.23,Manitoba
5CC0393,PORTAGE LA PRAIRIE 1.0 W,49.97,-98.3,Manitoba
5CC0394,GREAT FALLS 8.3 SE,50.46,-96.01,Manitoba
5CC0396,KILLARNEY 9.6 ESE,49.16,-99.53,Manitoba
5CC0399,OTTERBURNE 0.8 W,49.5,-97.05,Manitoba
5CC0409,MINITONAS 0.5 NW,52.09,-101.04,Manitoba
5CC0410,WINNIPEG 11.9 W,49.88,-97.3,Manitoba
5CC0412,SANFORD 0.9 ENE,49.68,-97.43,Manitoba
5CC0414,MORRIS 0.3 E,49.35,-97.36,Manitoba
5CC0416,PINAWA,50.15,-95.89,Manitoba
5CC0419,VIRDEN 1.5 WSW,49.85,-100.94,Manitoba
5CC0420,WINNIPEG 5.9 SW,49.86,-97.2,Manitoba
5CC0421,MINNEDOSA 0.5 SW,50.24,-99.84,Manitoba
5CC0423,ROSEISLE 1.0 W,49.5,-98.36,Manitoba
5CC0424,WINNIPEG 6.4 SE,49.86,-97.08,Manitoba
5CC0427,SANFORD 0.5 ENE,49.68,-97.44,Manitoba
5CC0429,EDWIN 0.4 S,49.89,-98.51,Manitoba
6010400,ATTAWAPISKAT A,52.93,-82.43,Ontario
6010735,BIG TROUT LAKE A,53.82,-89.9,Ontario
6010740,BIG TROUT LAKE,53.82,-89.89,Ontario
6012199,EAR FALLS (AUT),50.63,-93.22,Ontario
6012501,FORT SEVERN A,56.02,-87.68,Ontario
6014351,LANSDOWNE HOUSE A,52.2,-87.93,Ontario
6014353,LANSDOWNE HOUSE (AUT),52.2,-87.94,Ontario
6015026,MUSKRAT DAM,53.44,-91.76,Ontario
6016295,PEAWANUCK (AUT),54.98,-85.43,Ontario
6016298,PEAWANUCK A,54.99,-85.44,Ontario
6016525,PICKLE LAKE (AUT),51.45,-90.22,Ontario
6016527,PICKLE LAKE A,51.45,-90.21,Ontario
6016528,PICKLE LAKE A,51.45,-90.21,Ontario
6016971,RED LAKE A,51.07,-93.79,Ontario
6017401,SANDY LAKE A,53.06,-93.34,Ontario
6020559,BARWICK,48.63,-93.97,
6020LPQ,ATIKOKAN (AUT),48.76,-91.63,Ontario
6022474,FORT FRANCES RCS,48.65,-93.44,Ontario
6025205,MINE CENTRE SOUTHWEST,48.76,-92.62,Ontario
6032125,DRYDEN REGIONAL,49.83,-92.74,Ontario
6034073,KENORA RCS,49.79,-94.38,Ontario
6034075,KENORA A,49.79,-94.37,Ontario
6034076,KENORA A,49.79,-94.36,Ontario
6036904,RAWSON LAKE,49.65,-93.72,Ontario
6036907,RAWSON LAKE (AUT),49.66,-93.73,Ontario
6037201,ROYAL ISLAND (AUT),49.47,-94.76,
6037776,SIOUX LOOKOUT A,50.11,-91.91,Ontario
6037800,SIOUX LOOKOUT AIRPORT,50.11,-91.91,Ontario
6040325,ARMSTRONG (AUT),50.29,-88.91,Ontario
6040327,ARMSTRONG A,50.29,-88.91,Ontario
6041110,CAMERON FALLS (AUT),49.15,-88.34,Ontario
6041222,CARIBOU ISLAND (AUT),47.33,-85.83,
6042716,GERALDTON A,49.78,-86.93,Ontario
6042717,GERALDTON A,49.78,-86.94,Ontario
6042718,GERALDTON A,49.78,-86.99,Ontario
6042719,GERALDTON AIRPORT,49.78,-86.93,Ontario
6043390,HAZELWOOD,48.47,-89.27,Ontario
6044967,MARATHON A,48.76,-86.35,Ontario
6046768,PUKASKWA (AUT),48.61,-86.29,Ontario
6048232,TERRACE BAY AIRPORT,48.82,-87.09,Ontario
6048260,THUNDER BAY,48.37,-89.32,Ontario
6048262,THUNDER BAY A,48.37,-89.32,Ontario
6048268,THUNDER BAY CS,48.37,-89.33,Ontario
6049095,UPSALA (AUT),49.03,-90.47,Ontario
6049443,WELCOME ISLAND (AUT),48.37,-89.12,
6049470,LITTLE FLATLAND ISLAND (AUT),49.69,-88.31,Ontario
6054425,LAKE SUPERIOR PROVINCIAL PARK,47.72,-84.81,Ontario
6057591,SAULT STE MARIE A,46.49,-84.51,Ontario
6057593,SAULT STE. MARIE AIRPORT,46.48,-84.52,Ontario
6059413,WAWA A,47.97,-84.79,Ontario
605DJ25,KILLARNEY (AUT),45.97,-81.48,
6061365,CHAPLEAU A,47.82,-83.35,Ontario
6065006,MASSEY,46.19,-82.02,Ontario
6065252,MONETVILLE 2,46.22,-80.3,Ontario
6068145,SUDBURY CLIMATE,46.63,-80.8,Ontario
6068153,SUDBURY A,46.63,-80.8,Ontario
6070QK6,BONNER LAKE,49.38,-82.12,Ontario
6072223,EARLTON A,47.7,-79.85,Ontario
6072230,EARLTON CLIMATE,47.7,-79.85,Ontario
6073976,KAPUSKASING A,49.41,-82.47,Ontario
6073978,KAPUSKASING A,49.41,-82.47,Ontario
6073980,KAPUSKASING CDA ON,49.41,-82.44,Ontario
6074211,KIRKLAND LAKE CS,48.15,-80.0,Ontario
6075420,MOOSONEE,51.29,-80.61,Ontario
6075425,MOOSONEE UA,51.27,-80.65,Ontario
6075435,MOOSONEE RCS,51.29,-80.62,Ontario
6075543,NAGAGAMI (AUT),49.75,-84.16,Ontario
6075786,OGOKI POST A,51.66,-85.9,Ontario
6078282,TIMMINS CLIMATE,48.56,-81.39,Ontario
6078286,TIMMINS A,48.57,-81.38,Ontario
6080192,ALGONQUIN PARK EAST GATE,45.53,-78.27,Ontario
6085680,NORTH BAY A,46.36,-79.42,Ontario
6085695,NORTH BAY AIRPORT,46.38,-79.4,Ontario
6092919,GORE BAY-MANITOULIN,45.88,-82.57,Ontario
6092920,GORE BAY CLIMATE,45.88,-82.57,Ontario
6100285,APPLETON,45.19,-76.11,Ontario
6100970,BROCKVILLE CLIMATE,44.64,-75.75,Ontario
6100971,BROCKVILLE PCC,44.6,-75.67,Ontario
6101335,CHALK RIVER AECL,46.05,-77.37,Ontario
6101874,CORNWALL,45.02,-74.75,Ontario
6102J13,DRUMMOND CENTRE,45.03,-76.25,Ontario
6103024,GRENADIER ISLAND,44.42,-75.85,Ontario
6103367,HARTINGTON IHD,44.43,-76.69,Ontario
6104027,KEMPTVILLE CS,45.0,-75.63,Ontario
6104142,KINGSTON CLIMATE,44.22,-76.6,Ontario
6104152,KINGSTON A,44.23,-76.6,Ontario
6104725,LYNDHURST SHAWMERE,44.52,-76.08,Ontario
6105397,MOOSE CREEK WELLS,45.25,-74.96,Ontario
6105762,OMPAH-SEITZ,45.05,-76.78,Ontario
6105976,OTTAWA CDA,45.38,-75.72,Ontario
6105978,OTTAWA CDA RCS,45.38,-75.72,Ontario
6106001,OTTAWA INTL A,45.32,-75.67,Ontario
6106367,PEMBROKE CLIMATE,45.86,-77.25,Ontario
6106396,PETAWAWA AWOS 2,45.95,-77.32,Ontario
6107276,ST. ALBERT,45.29,-75.06,Ontario
610FC98,PETAWAWA HOFFMAN,45.88,-77.25,Ontario
6110480,BALDWIN,44.27,-79.32,Ontario
6110556,BARRIE LANDFILL,44.39,-79.74,Ontario
6110607,BEATRICE CLIMATE,45.14,-79.4,Ontario
6111769,COLDWATER WARMINSTER,44.63,-79.54,Ontario
6111792,COLLINGWOOD,44.5,-80.22,Ontario
6114295,LAGOON CITY,44.55,-79.22,Ontario
6114979,MARKDALE,44.27,-80.71,Ontario
6115529,MUSKOKA,44.97,-79.3,Ontario
6115811,ORILLIA BRAIN,44.6,-79.44,Ontario
6116257,PARRY SOUND CCG,45.34,-80.04,
6117684,SHANTY BAY,44.4,-79.63,Ontario
6117700,BARRIE-ORO,44.48,-79.55,Ontario
6118240,THORNBURY 3,44.55,-80.47,Ontario
6119055,UDORA,44.26,-79.16,Ontario
6119498,WIARTON A,44.74,-81.11,Ontario
6119499,WIARTON A,44.74,-81.11,Ontario
6119M51,WESTERN ISLAND (AUT),45.03,-80.37,
611B002,BORDEN AWOS,44.27,-79.91,Ontario
611E001,EGBERT CS,44.23,-79.78,Ontario
6122847,GODERICH,43.77,-81.72,Ontario
6124127,KINCARDINE,44.17,-81.62,Ontario
6127510,SARNIA,43.0,-82.31,Ontario
6127519,SARNIA CLIMATE,43.0,-82.3,Ontario
6128330,TOBERMORY RCS,45.23,-81.63,Ontario
6129660,WROXETER,43.86,-81.15,Ontario
6130257,AMHERSTBURG,42.1,-83.09,Ontario
6131414,CHATHAM KENT,42.31,-82.08,Ontario
6131983,DELHI CS,42.87,-80.55,Ontario
6132470,FORT ERIE,42.88,-78.97,
6133055,GRIMSBY MOUNTAIN,43.18,-79.56,Ontario
6133362,HARROW CDA AUTO,42.03,-82.9,Ontario
6134190,KINGSVILLE MOE,42.04,-82.67,Ontario
6135583,NEW GLASGOW,42.51,-81.64,Ontario
6136606,PORT COLBORNE,42.88,-79.25,Ontario
6136699,PORT WELLER (AUT),43.25,-79.22,
6137154,RIDGETOWN RCS,42.45,-81.88,Ontario
6137161,RIDGEVILLE,43.04,-79.33,Ontario
6137304,ST CATHARINES A,43.19,-79.17,Ontario
6137362,ST THOMAS WPCP,42.77,-81.21,Ontario
6138270,TILLSONBURG WWTP,42.86,-80.72,Ontario
6139141,VINELAND,43.15,-79.42,Ontario
6139148,VINELAND STATION RCS,43.18,-79.4,Ontario
6139449,WELLAND-PELHAM,42.97,-79.33,Ontario
6139520,WINDSOR RIVERSIDE,42.33,-82.93,Ontario
6139527,WINDSOR A,42.28,-82.96,Ontario
6139530,WINDSOR A,42.28,-82.96,Ontario
613F606,PORT COLBORNE (AUT),42.87,-79.25,Ontario
613P001,POINT PELEE CS,41.95,-82.52,Ontario
6140942,BRANTFORD AIRPORT,43.14,-80.33,Ontario
6142286,ELORA RCS,43.65,-80.42,Ontario
6142400,FERGUS SHAND DAM,43.73,-80.33,Ontario
6142402,FERGUS MOE,43.7,-80.38,Ontario
6142803,GLEN ALLAN,43.68,-80.71,Ontario
6143089,GUELPH TURFGRASS,43.55,-80.22,Ontario
6144239,KITCHENER/WATERLOO,43.46,-80.38,Ontario
6144473,LONDON A,43.03,-81.15,Ontario
6144478,LONDON CS,43.03,-81.15,Ontario
6145504,MOUNT FOREST (AUT),43.98,-80.75,Ontario
6147188,ROSEVILLE,43.35,-80.47,Ontario
6148122,STRATHROY-MULLIFARRY,42.98,-81.64,Ontario
6149625,WOODSTOCK,43.14,-80.77,Ontario
6150689,BELLEVILLE,44.15,-77.39,
6151061,BURLINGTON PIERS (AUT),43.3,-79.8,Ontario
6151309,CENTREVILLE,44.4,-76.91,Ontario
6151684,COBOURG (AUT),43.95,-78.17,
6151689,COBOURG STP,43.97,-78.18,Ontario
6152695,GEORGETOWN WWTP,43.64,-79.88,Ontario
6153193,HAMILTON A,43.17,-79.94,Ontario
6153301,HAMILTON RBG CS,43.29,-79.91,Ontario
6155750,OAKVILLE TWN,43.51,-79.69,Ontario
6155875,OSHAWA,43.92,-78.88,Ontario
6155878,OSHAWA WPCP,43.87,-78.83,Ontario
6156559,POINT PETRE (AUT),43.83,-77.15,
6157000,MONO CENTRE,44.03,-80.02,Ontario
6158355,TORONTO CITY,43.67,-79.4,Ontario
6158359,TORONTO CITY CENTRE,43.63,-79.4,Ontario
6158409,TORONTO BUTTONVILLE A,43.86,-79.37,Ontario
6158667,TORONTO CITY CENTRE,43.63,-79.4,Ontario
6158731,TORONTO INTL A,43.68,-79.63,Ontario
6158872,TRENTON AWOS,44.12,-77.52,Ontario
6158875,TRENTON A,44.12,-77.53,Ontario
6159123,UXBRIDGE WEST,44.1,-79.16,Ontario
615S001,TORONTO NORTH YORK,43.78,-79.47,Ontario
6163171,HALIBURTON 3,45.03,-78.53,Ontario
6166415,PETERBOROUGH A,44.23,-78.36,Ontario
6166456,PETERBOROUGH TRENT U,44.35,-78.3,Ontario
6168100,SONYA SUNDANCE MEADOWS,44.22,-78.95,Ontario
6168525,TAPLEY,44.17,-78.5,Ontario
616I001,BANCROFT AUTO,45.07,-77.88,Ontario
6CC0004,BLENHEIM 9.8 E,42.34,-81.88,Ontario
6CC0005,OWEN SOUND 1.5 NW,44.58,-80.95,Ontario
6CC0006,CHATHAM 6.5 SW,42.36,-82.24,Ontario
6CC0009,WINDSOR 1.7 SE,42.28,-83.03,Ontario
6CC0014,BURFORD 4.7 SE,43.07,-80.39,Ontario
6CC0022,CARLETON PLACE 11.4 SSW MIVCA,45.04,-76.2,Ontario
6CC0023,CARP 3.0 WNW MIVCA,45.36,-76.07,Ontario
6CC0025,STITTSVILLE 0.8 SSE MIVCA,45.25,-75.91,Ontario
6CC0033,BURLINGTON 1.7 W,43.37,-79.84,Ontario
6CC0042,VANKLEEK HILL 3.4 S,45.49,-74.65,Ontario
6CC0043,THUNDER BAY 3.7 NW,48.44,-89.27,Ontario
6CC0056,Ridgetown 6.2 N,42.5,-81.88,Ontario
6CC0062,PALMERSTON 5.8 NE,43.88,-80.81,Ontario
6CC0063,FISHERVILLE 5.7 SSW,42.83,-79.93,Ontario
6CC0064,BURLINGTON 3.4 SSE,43.34,-79.8,Ontario
6CC0070,THUNDER BAY 3.2 WNW LRCA,48.42,-89.28,Ontario
6CC0071,ST. MARYS 4.7 W,43.26,-81.19,Ontario
6CC0075,DASHWOOD 7.4 W,43.36,-81.73,
6CC0076,Emo 14.7 N,48.76,-93.8,Ontario
6CC0080,WALTON 1.1 ESE,43.68,-81.29,Ontario
6CC0086,GUELPH 5.1 S,43.5,-80.24,Ontario
6CC0087,O'CONNOR 3.7 WSW LRCA,48.35,-89.75,Ontario
6CC0092,DUNROBIN 1.9 W MVCA,45.42,-76.05,Ontario
6CC0096,NEWMARKET 1.3 ENE AAFC,44.06,-79.44,Ontario
6CC0097,THUNDER BAY 3.7 SSW LRCA,48.38,-89.26,Ontario
6CC0099,JARVIS RIVER 3.7 NE LRCA,48.2,-89.42,Ontario
6CC0103,CALEDONIA 12.4 NW,43.14,-80.07,Ontario
6CC0109,MILDMAY 5.9 SSE,43.99,-81.1,Ontario
6CC0118,DURHAM 1.4 S,44.17,-80.82,Ontario
6CC0119,BELLEVILLE 5.2 SW QCA,44.14,-77.43,Ontario
6CC0125,ELORA 0.8 NE - CANWARN,43.69,-80.42,Ontario
6CC0130,BARRIE 3.6 N CANWARN,44.41,-79.7,Ontario
6CC0131,Tecumseh 0.7 NNW - CANWARN,42.33,-82.89,Ontario
6CC0137,ORLÉANS 1.4 SSE,45.46,-75.51,Ontario
6CC0143,MOUNT FOREST 7.6 NNE,44.04,-80.69,Ontario
6CC0144,Drayton 7.0 S,43.69,-80.65,Ontario
6CC0145,Monkton 3.9 E,43.59,-81.03,Ontario
6CC0149,BRUSSELS 0.4 ESE MVCA,43.74,-81.25,Ontario
6CC0153,Phelpston 0.8 NE,44.52,-79.84,Ontario
6CC0159,Dutton 1.9 ESE,42.66,-81.48,Ontario
6CC0166,Springfield 5.1 NE,42.86,-80.89,Ontario
6CC0167,Brigden 2.8 NNE,42.84,-82.27,Ontario
6CC0173,Dresden 0.8 NNE,42.6,-82.18,Ontario
6CC0174,Blenheim 4.9 SSE,42.29,-81.97,Ontario
6CC0178,Goderich 10.2 S - MVCA,43.65,-81.71,Ontario
6CC0187,Waterloo 1.9 E - UofW,43.47,-80.51,Ontario
6CC0189,Elora 4.6 E,43.68,-80.37,Ontario
6CC0192,Strathroy 14.9 SSW,42.84,-81.71,Ontario
6CC0195,ATWOOD 0.2 WSW - MVCA,43.67,-81.02,Ontario
6CC0198,TILBURY 13.4 ESE,42.2,-82.29,Ontario
6CC0199,Morriston 2.0 S,43.43,-80.11,Ontario
6CC0201,CAMBRIDGE 9.2 S - GRAND,43.31,-80.32,Ontario
6CC0203,Lucknow 1.5 NNE - MVCA,43.97,-81.51,Ontario
6CC0208,Pakenham 7.8 NNW,45.39,-76.34,Ontario
6CC0209,Peterborough 1.9 NNE,44.32,-78.32,Ontario
6CC0210,Brownsville 3.3 N,42.89,-80.85,Ontario
6CC0211,Kaministiquia 7.2E - LRCA,48.53,-89.49,Ontario
6CC0213,Mississauga 8.1 SSE,43.52,-79.62,Ontario
6CC0214,Milford 2.7 SE,43.92,-77.06,Ontario
6CC0216,Wheatley 9.3 NNE,42.17,-82.43,Ontario
6CC0220,Deep River 1.5 SE - MNRF,46.1,-77.48,Ontario
6CC0224,Nakina 3.8 N - MNRF,50.21,-86.7,Ontario
6CC0225,Green Valley 3.3 S,45.23,-74.6,Ontario
6CC0226,Mitchell 1.1 ESE,43.47,-81.19,Ontario
6CC0228,Ridgetown 4.5 ESE,42.42,-81.83,Ontario
6CC0230,Morpeth 0.5 ENE,42.39,-81.84,Ontario
6CC0232,Milford 0.1 NNE - Quinte Conservation,43.93,-77.09,Ontario
6CC0235,Godfrey 17.3 E - Quinte Conservation,44.54,-76.77,Ontario
6CC0238,Pickering 2.3 WSW,43.82,-79.14,Ontario
6CC0244,Plevna 7.0 WNW - MiVCA,44.98,-77.07,Ontario
6CC0245,Phelpston 3.1 ESE,44.51,-79.81,Ontario
6CC0247,Peterborough 3.3 W - MNRF,44.31,-78.37,Ontario
6CC0248,WINDSOR 6.5 SE,42.25,-83.0,Ontario
6CC0260,Harrow 8.1 ESE,42.0,-82.83,Ontario
6CC0283,Belle River 1.1 ENE,42.29,-82.69,Ontario
6CC0285,Leamington 3.0 N,42.08,-82.6,Ontario
6CC0286,AMHERSTBURG 5.5 N,42.15,-83.11,Ontario
6CC0298,Harrow 6.5 NNW,42.08,-82.94,Ontario
6CC0302,Windsor 10.9 E,42.31,-82.92,Ontario
6CC0306,Wheatley 8.4 WNW,42.12,-82.56,Ontario
6CC0311,Tecumseh 0.9 NE,42.33,-82.88,Ontario
6CC0312,North Woodslee 0.9 ENE,42.22,-82.7,Ontario
6CC0320,Windsor 12.8 ENE,42.32,-82.9,Ontario
6CC0322,Windsor 4.0 NE,42.32,-83.02,Ontario
6CC0324,Amherstburg 4.0 NNE,42.13,-83.09,Ontario
6CC0329,Harrow 2.1 SSE,42.02,-82.91,Ontario
6CC0330,Belle River 4.7 W,42.29,-82.76,Ontario
6CC0332,TECUMSEH 1.1 NNE,42.33,-82.88,Ontario
6CC0333,Tecumseh 1.0 E,42.32,-82.87,Ontario
6CC0334,ST. THOMAS 6.6 NNE - KCCA,42.83,-81.15,Ontario
6CC0335,Nakina 1.6 NW - MNRF,50.19,-86.73,Ontario
6CC0341,Bayfield 0.6 SSW - ABCA,43.55,-81.7,Ontario
6CC0342,Lurgan Beach 1.4 NNE - LHCC,44.1,-81.73,Ontario
6CC0344,Burford 2.9 SSE - CANWARN,43.08,-80.42,Ontario
6CC0349,Tillsonburg 8.1 SSE - NSCIA,42.81,-80.68,Ontario
6CC0352,Mattawa 2.6 SSW - MNRF,46.29,-78.72,Ontario
6CC0353,Port Rowan 6.2 SW - NSCIA,42.59,-80.51,Ontario
6CC0355,Langton 12.2 SW - NSCIA,42.67,-80.69,Ontario
6CC0360,Hagersville 10.7 WNW - NSCIA,42.99,-80.18,Ontario
6CC0362,Delhi 5.1 WSW - NSCIA,42.83,-80.55,Ontario
6CC0364,LANGTON 3.3 SSE - NSCIA,42.72,-80.56,Ontario
6CC0365,Blenheim 6.4 NW - AGRIS,42.38,-82.05,Ontario
6CC0367,Tillsonburg 9.2 SSE - NSCIA,42.79,-80.7,Ontario
6CC0369,Courtland 7.2 S - NSCIA,42.78,-80.65,Ontario
6CC0379,Ridgetown 3.6 ESE - AGRIS,42.43,-81.84,Ontario
6CC0390,Wheatley 1.2 NNE - AGRIS,42.1,-82.46,Ontario
6CC0398,Peterborough 6.8 NNE - MNRF,44.36,-78.31,Ontario
6CC0404,Glencoe 1.7 W - AGRIS,42.75,-81.73,Ontario
6CC0405,Appin 1.5 SE - AGRIS,42.79,-81.64,Ontario
6CC0407,Appin 3.8 ENE - AGRIS,42.81,-81.61,Ontario
6CC0408,Strathroy 1.0 N - AGRIS,42.97,-81.62,Ontario
6CC0416,GORES LANDING 1.2 WSW - CANWARN,44.11,-78.25,Ontario
6CC0425,Thamesville 2.9 SE - AGRIS,42.53,-81.95,Ontario
6CC0427,Courtright 6.4 ESE - AGRIS,42.79,-82.4,Ontario
6CC0428,Mooretown 8.2 E - AGRIS,42.84,-82.36,Ontario
6CC0434,Sarnia 2.6 N - LHCC,43.01,-82.38,Ontario
6CC0441,Dresden 0.9 NE - AGRIS,42.6,-82.18,Ontario
6CC0448,Portland 10.2 WSW - RVCA,44.67,-76.32,Ontario
6CC0449,Wiarton 4.0 N - GSCA,44.78,-81.13,Ontario
6CC0450,Owen Sound 4.8 SE - GSCA,44.54,-80.89,Ontario
6CC0451,Owen Sound 1.2 N - GSCA,44.58,-80.93,Ontario
6CC0464,Chatham 10.6 NE - AGRIS,42.45,-82.08,Ontario
6CC0466,Picton 12.7 NNE,44.11,-77.08,Ontario
6CC0469,Meaford 2.4 SSE - GSCA,44.58,-80.58,Ontario
6CC0475,Belmont 3.8 NNW - OMAFRA,42.92,-81.1,Ontario
6CC0477,Caledonia 0.3 NW - GRCA,43.07,-79.96,Ontario
6CC0478,Trenton 7.7 WNW - LTC,44.14,-77.66,Ontario
6CC0481,Dutton 7.1 NE - AGRIS,42.71,-81.45,Ontario
6CC0482,Owen Sound 6.1 NNW - GSCA,44.62,-80.95,Ontario
6CC0484,Chatsworth 8.5 WSW - GSCA,44.43,-81.0,Ontario
6CC0491,Milverton 1.1 ESE- CANWARN,43.56,-80.91,Ontario
6CC0492,Owen Sound 6.3 NNW - GSCA,44.62,-80.95,Ontario
6CC0495,Markdale 7.5 ENE - GSCA,44.34,-80.56,Ontario
6CC0502,Owen Sound 1.4 SSW - GSCA,44.56,-80.94,Ontario
6CC0506,Flesherton 6.9 NE - GSCA,44.31,-80.5,Ontario
6CC0507,BOGNOR 2.1 ENE - GSCA,44.53,-80.72,Ontario
6CC0508,Guelph 8.7 NW - AGRIS,43.59,-80.32,Ontario
6CC0510,Markdale 12.2 SSW - GSCA,44.21,-80.68,Ontario
6CC0513,KITCHENER 4.9 WSW - SANDHILLS PUBLIC SCHOOL,43.43,-80.54,Ontario
6CC0525,Woodstock 1.2 ENE,43.14,-80.74,Ontario
6CC0526,Hilton Beach 0.7 SW - MNRF,46.25,-83.9,Ontario
6CC0536,Thamesville 3.3 SSE - AGRIS,42.53,-81.97,Ontario
6CC0537,Inkerman 3.1 SSE - SNCA,45.01,-75.38,Ontario
6CC0542,Fisherville 7.5 E,42.87,-79.81,Ontario
6CC0543,Markdale 5.6 NNE - SVCA,44.36,-80.62,Ontario
6CC0548,Brighton 5.3 NNE - LTC,44.09,-77.72,Ontario
6CC0549,Navan 0.5 WSW - SNCA,45.42,-75.43,Ontario
6CC0552,Aurora 3.3 SSW,43.97,-79.49,Ontario
6CC0553,South Mountain 9.0 SSE,44.92,-75.4,Ontario
6CC0556,Courtland 0.9 SSW - NSCIA,42.84,-80.64,Ontario
6CC0558,Alderville 1.8 WSW - MNRF,44.17,-78.09,Ontario
6CC0561,Desboro 0.3 S - GSCA,44.4,-80.99,Ontario
6CC0562,Morrisburg 3.3 NNW - SNCA,44.92,-75.2,Ontario
6CC0563,Port Rowan 4.7 N - NSCIA,42.67,-80.45,Ontario
6CC0566,DELHI 7.0 SSW - NSCIA,42.79,-80.53,Ontario
6CC0570,Norwich 6.0 ESE - NSCIA,42.96,-80.53,Ontario
6CC0576,Dresden 12.8 SW - AGRIS,42.5,-82.28,Ontario
6CC0579,STOKES BAY 0.1 SSE - GSCA,45.0,-81.37,Ontario
6CC0580,Chatham 6.3 NW - AGRIS,42.44,-82.25,Ontario
6CC0582,Pelee Island 2.0 SE - AGRIS,41.75,-82.67,Ontario
6CC0583,Duart 1.7 ENE - AGRIS,42.51,-81.73,Ontario
6CC0587,Louisville 4.9 ESE - AGRIS,42.46,-82.07,Ontario
6CC0592,GRAVENHURST 5.0 NW,44.95,-79.43,Ontario
6CC0593,Kitchener 4.5 E,43.45,-80.43,Ontario
6CC0594,Vars 0.9 NNE - SNCA,45.36,-75.35,Ontario
6CC0595,Dryden 12.1 E,49.8,-92.67,Ontario
6CC0602,Owen Sound 5.7 SSW - GSCA,44.52,-80.95,Ontario
6CC0613,WINDSOR 6.5 E,42.3,-82.97,Ontario
6CC0615,MORPETH 3.9 SSE,42.36,-81.83,
6CC0618,Belwood 1.1 ESE - MNRF,43.79,-80.31,Ontario
6CC0621,Thunder Bay 4.2 WSW - MNRF,48.39,-89.29,Ontario
6CC0622,Mount Brydges 3.6 ESE,42.9,-81.45,Ontario
6CC0637,Mississauga 3.9 N,43.62,-79.66,Ontario
6CC0641,Blenheim 8.9 NNE,42.41,-81.96,Ontario
6CC0642,Port Burwell 8.5 ESE,42.62,-80.7,Ontario
6CC0644,Port Burwell 12.2 ESE - NSCIA,42.6,-80.66,Ontario
6CC0646,Mississauga 6.4 SSE - CANWARN,43.53,-79.62,Ontario
6CC0649,Chatsworth 0.3 NE - GSCA,44.46,-80.89,Ontario
6CC0650,Wilsonville 2.6 E - NSCIA,43.0,-80.29,Ontario
6CC0655,La Salle 2.0 S,42.22,-83.09,Ontario
6CC0663,Harrow 4.7 WNW,42.04,-82.97,Ontario
6CC0665,La Salle 3.6 SE,42.21,-83.06,Ontario
6CC0666,ANTEN MILLS 0.1 N,44.49,-79.82,Ontario
6CC0667,LISTOWEL 2.3 E,43.74,-80.92,Ontario
6CC0668,SCOTLAND 2.1 ENE - BSCIA,43.03,-80.35,Ontario
6CC0670,SILVER BAY 3.5 ENE,42.89,-79.12,Ontario
6CC0672,WHEATLEY 7.1 NNW,42.16,-82.48,Ontario
6CC0673,ATWOOD 2.0 ENE,43.68,-81.0,Ontario
6CC0674,ORILLIA 1.5 WSW,44.6,-79.44,Ontario
6CC0675,GLEN MORRIS 3.0 ESE,43.26,-80.31,Ontario
6CC0676,CALEDONIA 8.4 WNW - BSCIA03,43.09,-80.05,Ontario
6CC0681,THUNDER BAY 12.1 SW - LRCA,48.32,-89.34,Ontario
6CC0684,CAMBRIDGE 2.6 ENE,43.41,-80.28,Ontario
6CC0686,STRATHROY 1.1 NW,42.97,-81.63,Ontario
6CC0689,KINCARDINE 0.7 SSW,44.16,-81.64,Ontario
6CC0693,GREELY 2.8 WSW,45.25,-75.59,Ontario
6CC0697,DRESDEN 0.4 SSW,42.59,-82.18,Ontario
6CC0698,APPIN 2.7 NE,42.82,-81.63,Ontario
6CC0699,NORTH LANCASTER 8.3 NNE,45.32,-74.47,Ontario
6CC0701,WATERFORD 8.6 NE,42.99,-80.22,Ontario
6CC0704,CHESTERVILLE 6.4 SSE,45.05,-75.21,Ontario
6CC0706,INGLESIDE 7.5 SW - SNCA,44.95,-75.06,Ontario
6CC0707,HARROW 5.6 WSW,42.01,-82.98,Ontario
6CC0717,BLIND RIVER 0.2 NNE,46.19,-82.96,Ontario
6CC0718,LIVELY 1.8 NNW - NDCA,46.45,-81.16,Ontario
6CC0719,HAGERSVILLE 6.0 ESE,42.94,-79.99,Ontario
6CC0720,WHITBY 1.3 NNE,43.91,-78.94,Ontario
6CC0723,BOLTON 7.9 NW,43.93,-79.8,Ontario
6CC0726,WATERLOO 5.0 NNE,43.51,-80.5,Ontario
6CC0741,KIMBERLEY 2.7 WSW,44.38,-80.57,Ontario
6CC0744,COBOURG 0.5 E,43.96,-78.16,Ontario
6CC0748,WHITBY 2.4 SW,43.88,-78.96,Ontario
6CC0751,WENDOVER 4.7 ESE - SNCA,45.56,-75.07,Ontario
6CC0753,GORES LANDING 0.6 NNW,44.12,-78.23,Ontario
6CC0754,TECUMSEH 4.5 SSE,42.28,-82.87,Ontario
6CC0757,SAULT STE. MARIE 2.8 ESE - GLFC,46.5,-84.3,Ontario
6CC0760,ST. THOMAS 2.4 NNE - KCCA,42.8,-81.18,Ontario
6CC0761,WINDSOR 6.7 ESE,42.27,-82.98,Ontario
6CC0766,SCOTLAND 1.9 WSW,43.02,-80.4,Ontario
6CC0769,PORT RYERSE 1.6 NNE - NSCIA,42.77,-80.25,Ontario
6CC0771,KENORA 8.7 NNE - CANWARN,49.84,-94.44,Ontario
6CC0773,OSGOODE 0.5 WNW,45.14,-75.61,Ontario
6CC0774,OSHAWA 1.3 ESE,43.89,-78.84,Ontario
6CC0775,NORTH YORK 2.9 W,43.76,-79.45,Ontario
6CC0776,BARRIE 4.7 SE,44.35,-79.66,Ontario
6CC0778,CARR'S LANDING 3.8 NNE - NDCA,46.69,-80.74,Ontario
6CC0779,YARKER 1.8 SSW - QUINTE CONSERVATION,44.36,-76.78,Ontario
6CC0782,CONSECON 1.9 SW - QUINTE CONSERVATION,43.99,-77.54,
6CC0783,CHELMSFORD 0.3 WNW - NDCA,46.58,-81.19,Ontario
6CC0784,KOMOKA 3.1 W,42.96,-81.44,Ontario
6CC0786,KAKABEKA FALLS 1.7 SE - LRCA,48.39,-89.6,Ontario
6CC0787,WINDSOR 4.1 SE,42.27,-83.02,Ontario
6CC0788,NAUGHTON 0.9 SE - NDCA,46.4,-81.18,Ontario
6CC0789,SUDBURY 1.8 WSW - NDCA,46.48,-81.02,Ontario
6CC0790,LIVELY 2.5 SE - NDCA,46.42,-81.13,Ontario
6CC0791,METCALFE 4.4 NNW,45.27,-75.49,Ontario
6CC0792,NAUGHTON 5.1 WSW - NDCA,46.38,-81.25,Ontario
6CC0793,SUDBURY 5.5 E - NDCA,46.48,-80.92,Ontario
6CC0794,ONAPING 1.3 NE - NDCA,46.63,-81.4,Ontario
6CC0795,KEMBLE 7.8 NW - GSCA,44.77,-81.01,Ontario
6CC0797,UNION 1.7 S - KCCA,42.69,-81.19,Ontario
6CC0798,MOSSLEY 3.2 SE - KCCA,42.93,-80.98,Ontario
6CC0799,SUDBURY 11.1 SSW - NDCA,46.4,-81.05,Ontario
6CC0800,NIAGARA FALLS 4.2 WNW,43.12,-79.12,Ontario
6CC0801,KANATA 9.4 NNW - RVCA,45.38,-75.97,Ontario
6CC0802,WHITEFISH 6.6 WSW - NDCA,46.35,-81.39,Ontario
6CC0804,KEMBLE 1.6 S - GSCA,44.71,-80.93,Ontario
6CC0805,ST. THOMAS 6.5 NNW,42.84,-81.21,Ontario
6CC0806,ST. THOMAS 5.2 WNW - KCCA,42.8,-81.25,Ontario
6CC0808,PORT STANLEY 0.9 NNW,42.67,-81.22,Ontario
6CC0809,PORT STANLEY 7.1 W - KCCA,42.66,-81.3,Ontario
6CC0810,SHALLOW LAKE 2.3 W,44.62,-81.12,Ontario
6CC0813,MONKTON 8.0 NW,43.64,-81.14,Ontario
6CC0815,KEENE 1.8 SSW,44.23,-78.17,Ontario
6CC0817,GUELPH 5.9 NW,43.58,-80.29,Ontario
6CC0819,TOLEDO 4.0 SW,44.71,-76.03,Ontario
6CC0822,NIAGARA FALLS 5.9 SSE,43.06,-79.05,Ontario
6CC0823,UNION 2.3 ESE,42.7,-81.17,Ontario
6CC0825,CARLETON PLACE 2.8 SSW,45.11,-76.15,Ontario
6CC0828,KANATA 5.5 SE,45.29,-75.84,Ontario
6CC0829,THORNBURY 0.8 WSW - GSCA,44.56,-80.46,Ontario
6CC0830,SUDBURY 3.4 SSW - NDCA,46.46,-81.02,Ontario
6CC0832,INGERSOLL 1.4 ENE,43.04,-80.87,Ontario
6CC0835,DYER'S BAY 3.7 SSE - GSCA,45.13,-81.33,Ontario
6CC0836,ATIKOKAN 1.8 ENE,48.76,-91.6,Ontario
6CC0837,TORONTO 9.7 ENE,43.69,-79.27,Ontario
6CC0840,BOGNOR 5.6 W - GSCA,44.53,-80.81,Ontario
6CC0841,MILFORD 8.5 NE - QUINTE CONSERVATION,43.98,-77.01,Ontario
6CC0843,ROCKLYN 3.0 ESE - GSCA,44.46,-80.55,Ontario
6CC0845,INGLESIDE 1.0 WSW,44.99,-75.0,Ontario
6CC0846,KANATA 1.7 W,45.31,-75.92,Ontario
6CC0848,NAIRN CENTRE 8.8 E - NDCA,46.33,-81.47,Ontario
6CC0850,NAPANEE 7.8 ENE - QUINTE CONSERVATION,44.28,-76.87,Ontario
6CC0853,ZION HILL 1.8 ENE - QUINTE CONSERVATION,44.3,-77.4,Ontario
6CC0854,MILTON 2.7 SSW - ECOSPARK,43.5,-79.88,Ontario
6CC0856,TAMWORTH 0.9 SSE - QUINTE CONSERVATION,44.48,-76.99,Ontario
6CC0857,LYNDEN 5.4 WNW,43.24,-80.21,Ontario
6CC0858,BOURGET 0.2 NNW,45.44,-75.16,Ontario
6CC0859,NAPANEE 3.1 N - QUINTE CONSERVATION,44.28,-76.96,Ontario
6CC0860,ELIZABETHVILLE 2.1 SSE,44.02,-78.46,Ontario
6CC0861,ELDORADO 4.6 W - QUINTE CONSERVATION,44.58,-77.58,Ontario
6CC0862,WAHNAPITAE 0.5 S - NDCA,46.48,-80.79,Ontario
6CC0864,NORTH YORK 4.5 ENE,43.78,-79.36,Ontario
6CC0865,TAMWORTH 2.4 N,44.51,-76.99,Ontario
6CC0867,CHELMSFORD 0.6 WNW,46.58,-81.2,Ontario
6CC0868,MARKSTAY 5.8 N,46.54,-80.54,Ontario
6CC0872,JORDAN 5.0 SE,43.12,-79.32,Ontario
6CC0874,CONSECON 1.9 NNW,44.01,-77.53,Ontario
6CC0875,LONSDALE 3.7 NNE,44.3,-77.1,Ontario
6CC0876,CAYUGA 0.3 NW,42.95,-79.86,Ontario
6CC0877,NORWICH 0.7 S,42.98,-80.6,Ontario
6CC0878,OTTAWA 6.1 SSW,45.36,-75.73,Ontario
6CC0879,KINGSTON 4.0 W,44.24,-76.55,Ontario
6CC0880,MERRICKVILLE 2.0 ESE,44.91,-75.81,Ontario
6CC0883,KING CITY 5.4 NW,43.96,-79.58,Ontario
6CC0886,LONDON 2.6 SE,42.96,-81.23,Ontario
6CC0887,BRAMPTON 1.8 S - ECOSPARK,43.67,-79.76,Ontario
6CC0888,ORO PARK 1.3 N,44.46,-79.5,Ontario
6CC0891,WARSAW 6.0 SE,44.4,-78.08,Ontario
6CC0892,SPENCERVILLE 3.4 N,44.87,-75.54,Ontario
6CC0894,KILSYTH 4.4 NW,44.54,-81.06,Ontario
6CC0895,MEAFORD 10.7 SW,44.53,-80.7,Ontario
6CC0896,MEAFORD 1.5 NW,44.61,-80.61,Ontario
6CC0898,ILDERTON 6.5 E - UTRCA,43.09,-81.3,Ontario
6CC0900,ILDERTON 14.4 ENE - UTRCA,43.13,-81.22,Ontario
6CC0901,DORCHESTER 5.9 NNE - UTRCA,43.04,-81.04,Ontario
6CC0902,DORCHESTER 0.5 WSW,42.98,-81.06,Ontario
6CC0906,STRATHALLAN 2.1 N - UTRCA,43.24,-80.8,Ontario
6CC0907,STRATFORD 2.1 WNW - UTRCA,43.38,-81.0,Ontario
6CC0908,MITCHELL 0.6 NE - UTRCA,43.47,-81.19,Ontario
6CC0909,ST. MARYS 5.1 NNW - UTRCA,43.3,-81.16,Ontario
6CC0910,ST. MARYS 1.9 WNW - UTRCA,43.26,-81.16,Ontario
6CC0911,RANNOCH 4.7 SSW - UTRCA,43.22,-81.21,Ontario
6CC0912,PELEE ISLAND 7.5 NE,41.82,-82.63,
6CC0913,TORONTO 6.0 NNW,43.71,-79.4,Ontario
6CC0914,LONDON 4.1 WNW,43.0,-81.29,Ontario
6CC0915,SAULT STE. MARIE 3.9 ESE,46.51,-84.29,Ontario
6CC0916,COLLINGWOOD 5.1 ESE,44.48,-80.15,Ontario
6CC0917,THESSALON 1.2 SW,46.25,-83.57,
6CC0920,ECHO BAY 3.7 E,46.49,-84.02,Ontario
6CC0921,THUNDER BAY 5.0 N,48.45,-89.23,Ontario
6CC0924,SAULT STE. MARIE 2.5 E - H,46.52,-84.3,Ontario
6CC0925,SAULT STE. MARIE 4.4 ESE-SGC,46.5,-84.28,Ontario
6CC0926,THUNDER BAY 3.3 N,48.44,-89.24,Ontario
6CC0927,THUNDER BAY 4.8 N,48.45,-89.23,Ontario
6CC0928,CARP 4.3 ENE,45.36,-75.98,Ontario
6CC0929,SMITHS FALLS 8.2 N,44.98,-76.01,Ontario
6CC0930,SCARBOROUGH 4.0 WNW,43.8,-79.29,Ontario
6CC0931,THUNDER BAY 4.9 NNE - LRCA,48.45,-89.22,Ontario
6CC0932,PALMER RAPIDS 0.7 ESE,45.31,-77.5,Ontario
6CC0933,WELLAND 1.6 N,43.0,-79.25,Ontario
6CC0934,KANATA 3.3 SE,45.3,-75.87,Ontario
6CC0935,CAMPBELLVILLE 4.5 SW,43.46,-80.03,Ontario
6CC0941,MILTON 3.4 E - CH,43.52,-79.83,Ontario
6CC0945,OAKVILLE 3.9 WSW - CH,43.44,-79.73,Ontario
6CC0946,OAKVILLE 4.2 SW - CH,43.43,-79.73,Ontario
6CC0947,OAKVILLE 5.0 NE - CH,43.49,-79.65,Ontario
6CC0948,BURLINGTON 4.3 N - CH,43.41,-79.82,Ontario
6CC0949,OAKVILLE 1.8 WSW - CH,43.45,-79.71,Ontario
6CC0951,OAKVILLE 4.6 NNW - CH,43.49,-79.71,Ontario
6CC0953,BURLINGTON 2.1 W - CH,43.37,-79.84,Ontario
6CC0956,STRATFORD 0.9 WSW - UTRCA,43.37,-80.99,Ontario
6CC0957,WIARTON 5.0 NE,44.77,-81.09,Ontario
6CC0958,ST MARYS 0.4 UTRCA,43.26,-81.13,Ontario
6CC0960,LINDSAY 5.6 NNW,44.4,-78.76,Ontario
6CC0961,STRATFORD 6.5 UTRCA,43.4,-81.05,Ontario
6CC0962,STRATFORD 8.6 UTRCA,43.4,-81.08,Ontario
6CC0965,FULLARTON 0.6 SSE,43.39,-81.22,Ontario
6CC0966,WOODSTOCK 0.8 UTRCA,43.13,-80.75,Ontario
6CC0967,WOODSTOCK 0.9 UTRCA,43.13,-80.76,Ontario
6CC0968,DORCHESTER 5.1 UTRCA,43.01,-81.01,Ontario
6CC0969,STRATFORD 1.7 UTRCA,43.36,-80.98,Ontario
6CC0970,WELLBURN 1.3 UTRCA,43.18,-81.16,Ontario
6CC0971,LAKESIDE 6.7 UTRCA,43.15,-81.08,Ontario
6CC0972,THORNDALE 6.3 UTRCA,43.11,-81.06,Ontario
6CC0973,LONDON 7.5 E,42.97,-81.16,Ontario
6CC0974,WOODSTOCK 2.1 S UTRCA,43.11,-80.75,Ontario
6CC0975,WOODSTOCK 3.7 SSE UTRCA,43.1,-80.73,Ontario
6CC0976,CRAIGLEITH 0.9 S,44.52,-80.33,Ontario
6CC0977,BLENHEIM 11.8 NE,42.39,-81.88,Ontario
6CC0978,EAGLE RIVER 38.5 S,49.45,-93.09,Ontario
6CC0979,LANGTON 4.8 NW,42.77,-80.63,Ontario
6CC0981,KIRKFIELD 18.6 NNE,44.73,-78.92,Ontario
6CC0982,FENELON FALLS 4.0 WNW,44.55,-78.78,Ontario
6CC0983,ROCKLAND 0.6 ESE,45.54,-75.29,Ontario
6CC0984,LITTLE BRITAIN 10.0 S,44.2,-78.84,Ontario
6CC0985,LINDSAY 0.5 ENE,44.36,-78.74,Ontario
6CC0986,DUNSFORD 4.4 N,44.49,-78.64,Ontario
6CC0988,CHATHAM 2.5 N,42.42,-82.19,Ontario
6CC0989,NAPANEE 16.5 SSW,44.12,-77.05,Ontario
6CC0991,CONISTON 0.3 W,46.49,-80.85,Ontario
6CC0997,OTTAWA 4.9 WSW,45.39,-75.74,Ontario
6CC1001,SOMBRA 2.1 SSW,42.69,-82.48,Ontario
6CC1003,SARNIA 5.2 NE,43.02,-82.33,Ontario
6CC1004,CLARKSBURG 5.5 SSE,44.5,-80.45,Ontario
6CC1005,VIRGIL 0.9 ESE,43.22,-79.11,Ontario
6CC1007,ETOBICOKE 5.6 ESE,43.65,-79.5,Ontario
6CC1011,WARREN 8.5 WSW,46.41,-80.4,Ontario
6CC1012,PICKERING 4.0 SSW,43.8,-79.13,Ontario
6CC1013,ST. MARYS 0.7 WSW,43.26,-81.14,Ontario
6CC1015,DORCHESTER 0.2 NNE,42.99,-81.06,Ontario
6CC1019,SHEGUIANDAH 4.1 W,45.9,-81.98,Ontario
6CC1020,CAPREOL 1.0 NNW,46.71,-80.92,Ontario
6CC1023,COURTICE 1.7 NE,43.92,-78.77,Ontario
6CC1025,WATERFORD 2.4 E,42.93,-80.26,Ontario
6CC1026,MISSISSAUGA 9.2 S,43.5,-79.65,Ontario
6CC1027,THORNDALE 5.5 S,43.06,-81.15,Ontario
6CC1028,COLBORNE 5.1 WNW,44.03,-77.94,Ontario
6CC1030,THUNDER BAY 3.9 SSW,48.37,-89.26,Ontario
6CC1031,BIG PEARL LAKE 1.1 S,48.66,-88.66,Ontario
6CC1033,HOLLAND CENTRE 1.9 SW,44.38,-80.81,Ontario
6CC1035,LEAMINGTON 2.2 WSW,42.04,-82.62,Ontario
6CC1036,GUELPH 5.2 NW,43.58,-80.28,Ontario
6CC1037,GRIMSTON 1.5 NNE,44.42,-81.05,Ontario
6CC1038,SNUG HARBOUR 2.8 SW,44.41,-78.74,Ontario
6CC1039,LINDSAY 0.8 NNW,44.36,-78.75,Ontario
6CC1040,CAMERON 11.8 NNW,44.53,-78.85,Ontario
6CC1041,LINDSAY 0.2 WNW,44.36,-78.75,Ontario
6CC1042,LINDSAY 1.9 S,44.34,-78.74,Ontario
6CC1043,FENELON FALLS 0.5 N,44.54,-78.74,Ontario
6CC1044,LITTLE BRITAIN 10.7 SSE,44.19,-78.83,Ontario
6CC1045,LAKE DALRYMPLE 1.4 NNE,44.68,-79.09,Ontario
6CC1046,LINDSAY 11.0 NW,44.43,-78.83,Ontario
6CC1047,TWEED 11.3 NNE,44.57,-77.24,Ontario
6CC1048,PONTYPOOL 5.7 WNW,44.11,-78.7,Ontario
6CC1049,BELMONT 6.1 SSW,42.84,-81.12,Ontario
6CC1050,LITTLE BRITAIN 8.9 SE,44.23,-78.77,Ontario
6CC1051,MURILLO 2.5 E,48.41,-89.47,Ontario
6CC1052,ACTON 0.0 NNE,43.65,-80.06,Ontario
6CC1055,ST. MARYS 12.6 WNW,43.32,-81.26,Ontario
6CC1056,KINMOUNT 8.4 ESE,44.76,-78.55,Ontario
6CC1057,ILDERTON 5.6 WSW,43.06,-81.45,Ontario
6CC1058,WILLIAMSFORD 0.9 N,44.38,-80.87,Ontario
6CC1059,BURLINGTON 9.4 SSW,43.29,-79.86,
6CC1061,WELLAND 1.5 NNW,43.0,-79.26,Ontario
6CC1062,TARA 1.8 NNW,44.48,-81.15,Ontario
6CC1064,ACTON 3.9 NNW,43.67,-80.05,Ontario
6CC1065,PONTYPOOL 6.7 W,44.11,-78.71,Ontario
6CC1068,KENORA 5.7 ESE,49.75,-94.4,Ontario
6CC1069,OWEN SOUND 7.5 WNW,44.59,-81.02,Ontario
6CC1073,OMEMEE 7.7 NNE,44.36,-78.51,Ontario
6CC1075,THUNDER BAY 4.5 NNW,48.45,-89.26,Ontario
6CC1077,THUNDER BAY 11.2 NNW,48.5,-89.3,Ontario
6CC1081,KINGSVILLE 1.0 SW,42.03,-82.75,Ontario
6CC1083,SCOTLAND 2.5 SW,43.01,-80.39,Ontario
6CC1084,DRYDEN 0.2 N,49.78,-92.83,Ontario
6CC1085,LITTLE BRITAIN 10.3 SSE,44.2,-78.82,Ontario
6CC1086,JANETVILLE 3.0 WNW,44.22,-78.76,Ontario
6CC1089,DRYDEN 0.2 E,49.78,-92.83,Ontario
6CC1094,DRYDEN 1.1 ESE,49.78,-92.82,Ontario
6CC1095,KINCARDINE 1.6 SW,44.16,-81.65,Ontario
6CC1096,PORQUIS JUNCTION 1.4 SE,48.7,-80.77,Ontario
6CC1097,JANETVILLE 2.5 E,44.22,-78.69,Ontario
6CC1098,RANNOCH 2.2 NNW,43.27,-81.2,Ontario
6CC1102,THAMESVILLE 0.7 S,42.55,-81.98,Ontario
6CC1103,EAGLE RIVER 7.7 WNW,49.82,-93.29,Ontario
6CC1104,WAWA 0.9 W,47.99,-84.79,Ontario
6CC1107,LONDON 4.8 WSW UTRCA,42.96,-81.3,Ontario
6CC1108,LONDON 3.2 SSE UTRCA,42.95,-81.24,Ontario
6CC1109,FRANKFORD 3.7 NNE,44.23,-77.57,Ontario
6CC1110,DUBLIN 6.5 SSE,43.45,-81.26,Ontario
6CC1112,SALFORD 1.7 S UTRCA,42.98,-80.82,Ontario
6CC1114,CHATHAM 1.6 E,42.4,-82.17,Ontario
6CC1115,OWEN SOUND 0.1 SSW,44.57,-80.93,Ontario
6CC1116,CHATHAM 1.9 N,42.42,-82.19,Ontario
6CC1117,EMBRO 14.3 NW,43.26,-81.01,Ontario
6CC1118,LAKESIDE 6.2 WNW,43.23,-81.09,Ontario
6CC1119,MITCHELL 10.3 SE,43.41,-81.1,Ontario
6CC1120,CHATHAM 10.4 ENE,42.45,-82.08,Ontario
6CC1121,OAKVILLE 3.5 ENE,43.47,-79.65,Ontario
6CC1123,ROCKLAND 4.1 ENE,45.56,-75.24,Ontario
6CC1124,AURORA 3.3 NE,44.02,-79.44,Ontario
6CC1125,KITCHENER 1.2 NE,43.46,-80.48,Ontario
6CC1126,DRESDEN 14.5 SSW,42.48,-82.28,Ontario
6CC1127,MARKHAM 2.1 NW,43.89,-79.28,Ontario
6CC1128,MARKHAM 2.6 SW,43.86,-79.28,Ontario
7010565,BEAUPORT,46.84,-71.2,
7011983,DESCHAMBAULT,46.69,-71.97,Quebec
7014160,L'ASSOMPTION,45.81,-73.43,Quebec
7015791,L'ETAPE,47.56,-71.23,Quebec
7016293,QUEBEC INTL A,46.79,-71.39,Quebec
7018001,SHAWINIGAN,46.56,-72.73,Quebec
7018560,TROIS RIVIERES A-2,46.35,-72.67,Quebec
7018561,TROIS RIVIERES A,46.35,-72.68,Quebec
7018562,TROIS-RIVIERES,46.35,-72.52,
7018563,TROIS-RIVIERES,46.37,-72.68,Quebec
7018573,VALCARTIER A,46.9,-71.5,Quebec
701LP0N,LAC SAINT-PIERRE,46.18,-72.92,
701Q004,STE-FOY (U. LAVAL),46.78,-71.29,Quebec
701Q009,LEMIEUX,46.3,-72.06,Quebec
701S001,QUEBEC/JEAN LESAGE INTL,46.8,-71.38,Quebec
7022579,FRELIGHSBURG,45.03,-72.85,Quebec
7024280,LENNOXVILLE,45.37,-71.82,Quebec
7024745,MCTAVISH,45.5,-73.58,Quebec
7025251,MONTREAL INTL A,45.47,-73.74,Quebec
7025442,NICOLET,46.23,-72.66,Quebec
7027039,STE-CLOTILDE,45.17,-73.68,Quebec
7027329,MONTREAL/ST-HUBERT,45.52,-73.42,Quebec
7027470,SAINT-GERMAIN-DE-GRANTHAM,45.83,-72.54,Quebec
7028123,SHERBROOKE,45.44,-71.69,Quebec
7028442,THETFORD MINES RCS,46.05,-71.27,Quebec
7028754,BEAUCEVILLE,46.21,-70.79,Quebec
702CFGG,LAC MEMPHREMAGOG,45.27,-72.17,Quebec
702FHL8,STE-ANNE-DE-BELLEVUE 1,45.43,-73.93,Quebec
702FQLF,ST-ANICET 1,45.12,-74.29,Quebec
702LED4,L'ACADIE,45.29,-73.35,Quebec
702S006,MONTREAL/PIERRE ELLIOTT TRUDEAU INTL,45.47,-73.74,Quebec
7032685,OTTAWA GATINEAU A,45.52,-75.56,Quebec
7033121,HIGH FALLS,45.84,-75.65,Quebec
7034482,MANIWAKI AIRPORT,46.27,-75.99,Quebec
7034900,MONTREAL MIRABEL INTL A,45.68,-74.04,Quebec
703GDKB,ST-JOVITE,46.08,-74.56,Quebec
7040442,BAIE-COMEAU A,49.13,-68.2,Quebec
7040444,BAIE-COMEAU,49.13,-68.2,Quebec
7040815,LOURDES DE BLANC SABLON A,51.44,-57.19,Quebec
7040816,LOURDES DE BLANC SABLON A,51.44,-57.19,Quebec
7041100,CAPE WHITTLE,50.16,-60.06,
7041166,CAP-ROUGE,48.37,-70.54,Quebec
7041312,CHARLEVOIX (MRC),47.28,-70.64,Quebec
7041382,CHEVERY,50.47,-59.64,Quebec
7041JG6,CAP-TOURMENTE,47.08,-70.78,Quebec
7042395,FORET MONTMORENCY RCS,47.32,-71.15,Quebec
7042845,GRANDES-BERGERONNES,48.26,-69.52,Quebec
7043019,HAVRE ST. PIERRE,50.28,-63.61,Quebec
7043B79,ILE AUX PERROQUETS,50.22,-64.21,
7043BP9,ILE ROUGE,48.07,-69.56,
7044328,LONGUE-POINTE-DE-MINGAN,50.27,-64.23,Quebec
7045326,MONT STE-ANNE,47.07,-70.91,Quebec
7045398,NATASHQUAN A,50.19,-61.79,Quebec
7045401,NATASHQUAN AIRPORT,50.19,-61.81,Quebec
7046059,POINTE DE L'ISLET,48.14,-69.72,Quebec
704607C,POINTE CLAVEAU,48.26,-70.11,Quebec
7047911,SEPT-ILES A,50.22,-66.27,Quebec
7047914,SEPT-ILES,50.22,-66.25,Quebec
704C64L,LAC EON,51.87,-63.28,Quebec
704F0PN,POINTE-DES-MONTS,49.32,-67.38,Quebec
704Q003,POINTE NOIRE CS,50.16,-66.43,
704S001,BAIE-COMEAU,49.26,-68.15,Quebec
7051050,CAP-D'ESPOIR,48.42,-64.32,Quebec
7051163,CAP-MADELEINE,49.25,-65.32,
7051201,CAUSAPSCAL AIRPORT,48.31,-67.25,Quebec
7052601,GASPE A,48.78,-64.48,Quebec
7052602,GASPE A,48.78,-64.48,Quebec
7053038,HEATH POINT,49.09,-61.7,
7053250,ILES DE LA MADELEINE A,47.43,-61.78,Quebec
7053254,ILES DE LA MADELEINE A,47.43,-61.78,Quebec
7053KGR,ILES DE LA MADELEINE,47.43,-61.77,Quebec
7054096,LA POCATIERE,47.36,-70.03,Quebec
7055120,MONT-JOLI A,48.6,-68.22,Quebec
7055121,MONT JOLI A,48.61,-68.21,Quebec
7055122,MONT-JOLI,48.6,-68.19,Quebec
7055422,NEW CARLISLE 1,48.01,-65.33,Quebec
7055440,NEW RICHMOND EAST,48.16,-65.84,
7056068,POINTE-AU-PERE (INRS),48.51,-68.47,
7056202,PORT-MENIER,49.84,-64.29,Quebec
7056616,RIVIERE-DU-LOUP,47.81,-69.55,Quebec
705LKPQ,ILE BICQUETTE,48.42,-68.89,
705S002,CAP-CHAT,49.11,-66.65,Quebec
7060400,BAGOTVILLE A,48.33,-71.0,Quebec
7060826,BONNARD 1,50.73,-71.01,Quebec
7061288,CHAMOUCHOUANE,49.28,-73.36,Quebec
7061541,CHUTE-DES-PASSES,49.84,-71.17,Quebec
7063370,JONQUIERE,48.43,-71.14,Quebec
7064181,LATERRIERE,48.31,-71.13,Quebec
7065012,MISTOOK,48.6,-71.72,Quebec
7065639,NORMANDIN,48.84,-72.55,Quebec
7065738,ONATCHIWAY,48.89,-71.03,Quebec
7066685,ROBERVAL A,48.52,-72.27,Quebec
7066686,ROBERVAL A,48.52,-72.27,Quebec
7066687,ROBERVAL A,48.52,-72.27,Quebec
706I001,LAC BENOIT,51.53,-71.11,Quebec
706I155,MANOUANE EST,50.66,-70.53,Quebec
706Q001,LA BAIE,48.3,-70.92,Quebec
7075800,PARENT,47.92,-74.62,Quebec
7077571,SAINT-MICHEL-DES-SAINTS,46.82,-74.09,Quebec
707DBD4,LA TUQUE,47.41,-72.79,Quebec
7080468,BARRAGE TEMISCAMINGUE,46.71,-79.1,Ontario
7086716,ROUYN,48.25,-79.03,Quebec
7086719,ROUYN-NORANDA A,48.21,-78.84,Quebec
7091299,CHAPAIS,49.82,-74.98,Quebec
7091409,CHIBOUGAMAU CHAPAIS A,49.77,-74.53,Quebec
7091410,CHIBOUGAMAU-CHAPAIS,49.78,-74.53,Quebec
7092310,EASTMAIN RIVER A,52.23,-78.52,Quebec
7093714,LA GRANDE 4 A,53.75,-73.68,Quebec
7093715,LA GRANDE RIVIERE A,53.63,-77.7,Quebec
7093716,LA GRANDE RIVIERE A,53.63,-77.7,Quebec
7093GJ5,LA GRANDE IV,53.76,-73.68,Quebec
7094636,MATAGAMI A,49.76,-77.8,Quebec
7094637,MATAGAMI,49.76,-77.79,Quebec
7098600,VAL-D'OR A,48.06,-77.79,Quebec
7098603,VAL-D'OR,48.06,-77.79,Quebec
7098605,VAL D'OR A,48.05,-77.78,Quebec
7098898,WASKAGANISH A,51.47,-78.76,Quebec
7098908,WEMINDJI A,53.01,-78.83,Quebec
7100072,AKULIVIK A,60.82,-78.15,Quebec
7103280,INUKJUAK A,58.47,-78.08,Quebec
7103329,IVUJIVIK A,62.42,-77.93,Quebec
7103537,KUUJJUARAPIK A,55.28,-77.77,Quebec
7103539,KUUJJUARAPIK,55.37,-77.57,Quebec
7106223,PUVIRNITUQ A,60.05,-77.29,Quebec
7108564,UMIUJAQ A,56.54,-76.52,Quebec
710S005,INUKJUAK,58.47,-78.08,Quebec
7110601,AUPALUK A,59.3,-69.6,Quebec
7113380,KANGIQSUJUAQ A,61.59,-71.93,Quebec
7113384,KANGIRSUK A,60.03,-70.0,Quebec
7113391,KANGIQSUALUJJUAQ A,58.71,-65.99,Quebec
7113534,KUUJJUAQ A,58.1,-68.42,Quebec
7113535,KUUJJUAQ A,58.09,-68.42,Quebec
7115800,PARC NATIONAL DES PINGUALUIT,61.31,-73.67,Quebec
7116273,QUAQTAQ A,61.05,-69.62,Quebec
7116505,RIVIERE AUX FEUILLES,57.91,-72.98,Quebec
7117800,SALLUIT,62.18,-75.67,Quebec
7117802,SALLUIT A,62.18,-75.67,Quebec
7117823,SCHEFFERVILLE A,54.81,-66.81,Quebec
7117824,SCHEFFERVILLE COTE-NORD,54.8,-66.8,Quebec
7118366,TASIUJAQ A,58.67,-69.96,Quebec
7CC0016,Saint-Armand 3.6 W,45.03,-73.09,
7CC0018,Prévost 0.6 N,45.87,-74.09,Quebec
7CC0019,Les Escoumins 2.1 SSE,48.34,-69.41,Quebec
7CC0022,Saint-Adolphe-d'Howard 1.4 NW,45.98,-74.35,Quebec
7CC0028,Coteau-du-Lac 0.5 SW,45.29,-74.18,Quebec
7CC0034,Saint-Jean-sur-Richelieu 4.8 NNW,45.35,-73.3,Quebec
7CC0037,Laval 3.8 SSW,45.55,-73.77,Quebec
7CC0041,MONTRÉAL 1.9 S,45.51,-73.56,Quebec
7CC0042,RAPIDES-DES-JOACHIMS 2.6 NW,46.21,-77.72,Quebec
7CC0045,DEUX-MONTAGNES 2.9 ESE,45.52,-73.86,Quebec
7CC0047,SAINTE-FOY 1.8 ENE,46.77,-71.27,Quebec
7CC0048,MONTRÉAL 2.6 SSW,45.51,-73.58,Quebec
7CC0051,BELOEIL 0.7 NW,45.58,-73.21,Quebec
7CC0052,SHAWINIGAN 5.0 WNW,46.59,-72.8,Quebec
7CC0053,SAINTE-FOY 1.3 NW,46.77,-71.31,Quebec
7CC0055,DEUX-MONTAGNES 2.9 ESE,45.52,-73.86,Quebec
7CC0056,SUTTON 2.6 N,45.13,-72.61,Quebec
7CC0057,ACTON VALE 1.3 N,45.66,-72.57,Quebec
7CC0059,NOTRE-DAME-DES-BOIS 0.2 SW,45.39,-71.08,Quebec
7CC0061,PRÉVOST 0.9 NE,45.87,-74.08,Quebec
7CC0062,SAINT-LUC-DE-BELLECHASSE 2.2 SE,46.5,-70.46,Quebec
7CC0066,SAINT-ARMAND 4.2 ESE,45.02,-72.99,Quebec
7CC0068,GRANBY 1.0 ESE,45.4,-72.72,Quebec
7CC0069,FRELIGHSBURG 10.3 E - MOUNT PINNACLE LAND TRUST,45.06,-72.71,Quebec
7CC0071,FRELIGHSBURG 7.2 E - MOUNT PINNACLE LAND TRUST,45.06,-72.75,Quebec
7CC0072,EAST BROUGHTON 0.2 ESE,46.22,-71.07,Quebec
7CC0073,QUÉBEC 1.3 N,46.82,-71.22,Quebec
7CC0075,CHELSEA 2.5 SE,45.49,-75.76,Quebec
7CC0076,EAST PINNACLE,45.02,-72.72,Quebec
7CC0077,RIGAUD 4.5 ESE,45.46,-74.25,Quebec
7CC0079,DUNHAM 5.5 WNW,45.15,-72.87,Quebec
7CC0081,LORETTEVILLE 1.3 SSW,46.84,-71.37,Quebec
7CC0084,SAINT-URBAIN 3.3 SSW,47.53,-70.56,Quebec
7CC0085,LACHINE 1.2 WNW,45.44,-73.7,Quebec
7CC0086,SAINT-COLOMBAN 4.6 NE,45.77,-74.1,Quebec
7CC0087,GRANBY 0.4 NE,45.41,-72.73,Quebec
7CC0088,QUARTIER 5-1,46.91,-71.19,Quebec
7CC0089,WAKEFIELD 5.8 ENE,45.65,-75.86,Quebec
7CC0090,MONT-BRUN 13.1 ESE,48.32,-78.56,Quebec
7CC0092,LUSKVILLE 6.9 WNW,45.56,-76.1,Quebec
7CC0096,SAWYERVILLE 1.7 NE,45.35,-71.55,Quebec
7CC0097,VAL-DES-LACS 3.2 SW,46.16,-74.37,Quebec
7CC0099,WAKEFIELD 5.7 ENE,45.66,-75.86,Quebec
7CC0100,FERME-NEUVE 5.3 SSW,46.65,-75.47,Quebec
7CC0101,NOTRE-DAME-DES-BOIS 0.8 SE,45.39,-71.07,Quebec
8100300,AROOSTOOK,46.71,-67.72,New Brunswick
8100467,BAS CARAQUET,47.8,-64.83,New Brunswick
8100468,BAS CARAQUET,47.8,-64.87,New Brunswick
8100503,BATHURST A,47.63,-65.75,New Brunswick
8100506,BATHURST A,47.63,-65.74,New Brunswick
8100593,BOUCTOUCHE CDA CS,46.43,-64.77,New Brunswick
8100885,CHARLO AUTO,47.99,-66.33,New Brunswick
8100989,MIRAMICHI RCS,47.01,-65.47,New Brunswick
8101201,DOAKTOWN AUTO RCS,46.59,-66.01,New Brunswick
8101303,EDMUNDSTON,47.42,-68.32,New Brunswick
8101505,FREDERICTON INTL A,45.87,-66.54,New Brunswick
8101605,FREDERICTON CDA CS,45.92,-66.61,New Brunswick
8101746,FUNDY PARK (ALMA) CS,45.6,-64.95,New Brunswick
8101794,GAGETOWN AWOS A,45.84,-66.45,New Brunswick
8101925,GRAND MANAN SAR CS,44.71,-66.8,New Brunswick
8102326,KOUCHIBOUGUAC,46.79,-65.01,New Brunswick
8102536,MACTAQUAC PROV PARK,45.95,-66.9,New Brunswick
8102848,MECHANIC SETTLEMENT,45.69,-65.17,New Brunswick
8103050,MISCOU ISLAND (AUT),48.01,-64.49,
8103201,MONCTON/GREATER MONCTON ROMEO LEBLANC INTL A,46.11,-64.68,New Brunswick
8103202,MONCTON / GREATER MONCTON ROMEO LEBLANC INTL A,46.11,-64.68,New Brunswick
8103780,OAK POINT,45.51,-66.1,New Brunswick
8104201,POINT LEPREAU CS,45.07,-66.45,
8104295,RED PINES,47.44,-65.6,New Brunswick
8104900,SAINT JOHN A,45.32,-65.89,New Brunswick
8104901,SAINT JOHN A,45.32,-65.89,New Brunswick
8104935,ST. STEPHEN,45.21,-67.25,New Brunswick
8105210,SUSSEX FOUR CORNERS,45.74,-65.53,New Brunswick
8105603,WOODSTOCK NEWBRIDGE,46.15,-67.54,New Brunswick
81CC001,FREDERICTON 4.0 SSE,45.93,-66.63,New Brunswick
81CC004,FREDERICTON 4.9 NE,45.99,-66.59,New Brunswick
81CC005,OAK POINT 0.9 SSW,45.51,-66.1,New Brunswick
81CC006,FREDERICTON 5.1 SSE,45.92,-66.63,New Brunswick
81CC007,CHAMCOOK 6.1 NNW,45.17,-67.08,New Brunswick
81CC008,KESWICK RIDGE 2.3 SSE,45.98,-66.87,New Brunswick
81CC011,MIRAMICHI 3.3 S,46.99,-65.51,New Brunswick
81CC013,BATHURST 3.8 NW,47.64,-65.69,New Brunswick
81CC016,MIDDLETON 0.6 NNE,45.92,-64.51,New Brunswick
81CC018,MCLEOD HILL 1.1 ENE,46.03,-66.67,New Brunswick
81CC027,IRISHTOWN 3.4 NNW,46.22,-64.81,New Brunswick
81CC028,SUSSEX CORNER 1.4 NE (KRWRC),45.72,-65.46,New Brunswick
81CC029,SUSSEX 1.0 WNW (KRWRC),45.73,-65.53,New Brunswick
81CC032,BERWICK 1.7 N (KRWRC),45.79,-65.59,New Brunswick
81CC034,O'DONNELLS 0.2 N,46.52,-66.27,New Brunswick
81CC038,GRAND FALLS 2.2 NE,47.06,-67.73,New Brunswick
81CC045,Cornhill 6.1 SSW - KWRC,45.86,-65.37,New Brunswick
81CC046,Maces Bay 7.3 SSW,45.06,-66.82,
81CC049,MILLTOWN 1.1 NNE,45.18,-67.29,
81CC050,Doyleville 2.4 WNW,47.91,-66.13,New Brunswick
81CC053,Harvey 1.9 SSE,45.71,-64.7,New Brunswick
81CC055,FREDERICTON 4.5 N,46.0,-66.64,New Brunswick
81CC057,Jolicure 2.8 NE,45.96,-64.19,New Brunswick
81CC058,Sackville 2.1 N,45.91,-64.37,New Brunswick
81CC060,Waterside 4.0 E,45.62,-64.78,New Brunswick
81CC064,Keswick Ridge 4.0 SE,45.97,-66.86,New Brunswick
81CC076,Grande-Digue 5.1 N,46.34,-64.57,New Brunswick
81CC081,Keswick Ridge 2.5 NW,46.01,-66.91,New Brunswick
81CC082,Hanwell 0.9 ENE,45.88,-66.77,New Brunswick
81CC083,ST. STEPHEN 1.5 SW,45.19,-67.29,New Brunswick
81CC084,NORTON 7.1 WNW - KWRC,45.66,-65.78,New Brunswick
81CC087,BERWICK 4.4 SW,45.76,-65.64,New Brunswick
81CC093,HOPEWELL CAPE 1.8 SSE,45.83,-64.58,New Brunswick
81CC094,KINGSCLEAR 1.8 SE,45.88,-66.88,New Brunswick
81CC095,KINGSCLEAR 3.2 ESE,45.88,-66.86,New Brunswick
81CC096,SAINT-IGNACE 2.6 NE,46.71,-65.06,New Brunswick
81CC097,NEW MARYLAND 0.6 NW,45.9,-66.69,New Brunswick
81CC098,HOYT 4.2 S,45.55,-66.55,New Brunswick
81CC101,GRAND HARBOUR 1.1 S,44.68,-66.77,
81CC104,PENNFIELD RIDGE 2.7 SSW,45.09,-66.71,New Brunswick
81CC105,SISSON BROOK 3.8 E,46.98,-67.33,New Brunswick
81CC107,ANAGANCE 2.9 SSE,45.84,-65.24,New Brunswick
81CC108,LINCOLN 2.7 SSE,45.88,-66.57,New Brunswick
81CC118,UPHAM 0.7 ENE - HRAA,45.49,-65.66,New Brunswick
81CC119,HANWELL 5.6 NNE,45.93,-66.76,New Brunswick
81CC124,HANWELL 3.9 NE,45.9,-66.75,New Brunswick
81CC126,EDMUNDSTON 2.3 NE - SAJESS,47.38,-68.32,New Brunswick
81CC134,ST. HILAIRE 0.4 W - SAJESS,47.29,-68.41,New Brunswick
81CC136,MCLEOD HILL 0.4 SSW,46.02,-66.68,New Brunswick
81CC137,EEL RIVER LAKE 1.7 S,45.82,-67.65,New Brunswick
81CC146,FREDERICTON 1.9 ENE,45.96,-66.62,New Brunswick
81CC149,CAP-PELE 2.0 N,46.23,-64.27,New Brunswick
81CC150,ANFIELD 3.0 ENE,46.94,-67.48,New Brunswick
81CC151,EDMUNDSTON 1.7 NE,47.38,-68.32,New Brunswick
81CC152,SAINT-BASILE 5.8 NNE,47.4,-68.2,New Brunswick
81CC154,EDMUNDSTON 3.5 NE,47.39,-68.31,New Brunswick
81CC155,GRAND FALLS 2.2 ENE,47.05,-67.72,New Brunswick
81CC156,HARVEY 3.8 NNW,45.76,-67.03,New Brunswick
81CC159,SACKVILLE 2.0 N,45.91,-64.37,New Brunswick
81CC167,NORTON 8.2 W,45.63,-65.81,New Brunswick
81CC168,WIRRAL 10.8 SW,45.44,-66.58,New Brunswick
81CC170,SAINT JOHN 8.0 NNE,45.34,-66.03,New Brunswick
81CC171,ROGERSVILLE 5.6 NW,46.77,-65.47,New Brunswick
81CC172,WHITE HEAD 1.5 ESE,44.63,-66.7,New Brunswick
81CC174,MCLEOD HILL 1.3 SSW,46.02,-66.69,New Brunswick
81CC175,VIOLETTE SETTLEMENT 3.6 S,47.14,-67.81,New Brunswick
81CC176,FREDERICTON 3.6 SSE,45.93,-66.62,New Brunswick
81CC177,FREDERICTON 4.0 WNW,45.96,-66.7,New Brunswick
81CC178,FREDERICTON 7.8 NNW,46.02,-66.68,New Brunswick
8200255,BACCARO PT,43.45,-65.47,
8200558,BEAVER ISLAND (AUT),44.82,-62.33,
8200573,BEDFORD BASIN,44.71,-63.63,Nova Scotia
8200574,BEDFORD RANGE,44.75,-63.66,Nova Scotia
8200604,BRIER ISLAND,44.29,-66.35,
8200774,CARIBOU POINT (AUT),45.77,-62.68,
8200828,CHETICAMP HIGHLANDS NATIONAL PARK,46.65,-60.95,Nova Scotia
8201001,COLLEGEVILLE AUTO,45.49,-62.01,Nova Scotia
8201390,DEBERT,45.42,-63.47,Nova Scotia
8201780,ESKASONI FIRST NATION AUTOMATIC WEATHER STATION,45.92,-60.65,Nova Scotia
8201969,GRAND ETANG,46.55,-61.05,
8202000,GREENWOOD A,44.98,-64.92,Nova Scotia
8202195,EMERGENCY WEATHER STATION #2,44.73,-64.46,Nova Scotia
8202240,HALIFAX DOCKYARD,44.66,-63.58,
8202249,HALIFAX STANFIELD INT'L A,44.88,-63.51,Nova Scotia
8202251,HALIFAX STANFIELD INT'L A,44.88,-63.51,Nova Scotia
8202252,HALIFAX KOOTENAY,44.59,-63.55,Nova Scotia
8202255,HALIFAX WINDSOR PARK,44.66,-63.61,Nova Scotia
8202318,HART ISLAND (AUT),45.35,-60.98,
8202502,INGONISH BEACH RCS,46.66,-60.41,Nova Scotia
8202592,KEJIMKUJIK 1,44.4,-65.2,Nova Scotia
8202810,KENTVILLE CDA CS,45.07,-64.48,Nova Scotia
8202896,LAKE MAJOR,44.72,-63.48,Nova Scotia
8203163,LOUISBOURG,45.92,-59.97,Nova Scotia
8203210,LUNENBURG,44.36,-64.3,
8203405,MALAY FALLS,44.98,-62.48,Nova Scotia
8203478,MCNABS ISLAND (AUT),44.6,-63.53,
8203702,NAPPAN AUTO,45.76,-64.24,Nova Scotia
8204154,NORTHEAST MARGAREE (AUT),46.37,-60.98,Nova Scotia
8204161,NORTH MOUNTAIN CS,46.82,-60.67,Nova Scotia
8204190,OSBORNE HEAD DND,44.61,-63.42,
8204193,UPPER STEWIACKE RCS,45.23,-63.06,Nova Scotia
8204402,PARRSBORO,45.41,-64.35,Nova Scotia
8204453,POCKWOCK LAKE,44.77,-63.83,Nova Scotia
8204495,PORT HAWKESBURY,45.66,-61.37,Nova Scotia
8204703,SABLE ISLAND A,43.95,-59.96,
8204708,SABLE ISLAND,43.95,-60.01,
8204909,ST PAUL ISLAND (AUT),47.23,-60.14,
8205092,SHEARWATER RCS,44.63,-63.51,Nova Scotia
8205093,SHEARWATER JETTY,44.63,-63.52,Nova Scotia
8205130,SHELBURNE SANDY POINT,43.7,-65.32,Nova Scotia
8205701,SYDNEY A,46.16,-60.05,Nova Scotia
8205702,SYDNEY CS,46.16,-60.04,Nova Scotia
8205703,SYDNEY A,46.16,-60.05,Nova Scotia
8205895,TRACADIE,45.61,-61.68,Nova Scotia
8206222,WATERVILLE CAMBRIDGE,45.05,-64.65,Nova Scotia
8206240,WESTERN HEAD,43.99,-64.66,
8206491,YARMOUTH RCS,43.83,-66.09,Nova Scotia
8206495,YARMOUTH A,43.83,-66.09,Nova Scotia
8206496,YARMOUTH A,43.83,-66.09,Nova Scotia
82CC001,LIVERPOOL 3.0 N,44.06,-64.71,Nova Scotia
82CC003,WOLFVILLE 7.1 ESE,45.08,-64.27,Nova Scotia
82CC004,ANTIGONISH HARBOUR 1.4 SE,45.71,-61.9,Nova Scotia
82CC006,DUNCANS COVE 0.4 ESE,44.5,-63.53,Nova Scotia
82CC010,FALL RIVER 2.8 NE,44.83,-63.58,Nova Scotia
82CC012,PUGWASH JUNCTION 1.5 SE,45.79,-63.62,Nova Scotia
82CC013,TRURO 5.0 ENE,45.38,-63.23,Nova Scotia
82CC016,HALIFAX 2.4 WSW,44.64,-63.6,Nova Scotia
82CC018,HAMMONDS PLAINS 2.1 NNW,44.75,-63.79,Nova Scotia
82CC019,DARTMOUTH 5.7 E,44.67,-63.5,Nova Scotia
82CC020,SPANISH SHIP BAY 0.6 NE,45.03,-62.03,Nova Scotia
82CC023,MIDDLETON 7.8 NNW,45.0,-65.12,Nova Scotia
82CC030,WEST PORTERS LAKE 2.0 SSE,44.67,-63.3,Nova Scotia
82CC036,HALIFAX 2.2 SW,44.64,-63.6,Nova Scotia
82CC039,ST. ANNS 2.8 NW,46.25,-60.64,Nova Scotia
82CC043,BEDFORD 0.6 WNW,44.73,-63.68,Nova Scotia
82CC045,SPRINGFIELD 4.2 NNE,44.67,-64.85,Nova Scotia
82CC046,HAMMOND PLAINS 2.0 SSE,44.71,-63.73,Nova Scotia
82CC053,PORT MAITLAND 1.2 NNE,43.99,-66.15,Nova Scotia
82CC056,HAMMOND PLAINS 2.9 WSW,44.72,-63.82,Nova Scotia
82CC060,HOWIE CENTRE 3.2 WSW,46.06,-60.32,Nova Scotia
82CC062,TRURO 1.6 ESE,45.36,-63.27,Nova Scotia
82CC063,CEDAR LAKE 1.0 SSW,44.03,-66.1,Nova Scotia
82CC068,RAWDON GOLD MINES 3.4 N,45.09,-63.77,Nova Scotia
82CC069,LOWER WEST PUBNICO 0.3 NE,43.63,-65.8,Nova Scotia
82CC074,BADDECK FORKS 2.5 E,46.19,-60.73,Nova Scotia
82CC081,SCOTS BAY 3.1 WNW,45.31,-64.43,
82CC082,YARMOUTH 7.4 S,43.77,-66.11,Nova Scotia
82CC083,CENTRELEA 1.2 NNW,44.83,-65.33,Nova Scotia
82CC086,NAPPAN 1.7 E,45.77,-64.22,Nova Scotia
82CC092,Tarbot 1.3 NE CBN,46.34,-60.61,Nova Scotia
82CC094,Margaree Forks 2.6 SSE CBN,46.31,-61.08,Nova Scotia
82CC097,South Harbour 1.8 N CBN,46.88,-60.46,Nova Scotia
82CC101,Bedford 0.7 NNE,44.74,-63.65,Nova Scotia
82CC102,Northside 6.3 NE,46.21,-60.5,Nova Scotia
82CC103,Trafalgar 4.9 WSW,45.26,-62.72,Nova Scotia
82CC105,Tusket 7.4 S,43.79,-65.96,Nova Scotia
82CC108,West Chezzetcook 1.3 NNW,44.73,-63.27,Nova Scotia
82CC109,Sandy Cove 0.2 SW,44.49,-66.09,Nova Scotia
82CC110,Upper LaHave 2.8 SE,44.35,-64.42,Nova Scotia
82CC114,MILFORD STATION 3.2 SE,45.03,-63.4,Nova Scotia
82CC119,Meteghan River 4.3 E,44.22,-66.09,Nova Scotia
82CC120,Collingwood Corner 4.9 NNE,45.65,-63.92,Nova Scotia
82CC134,Halifax 0.9 ENE,44.65,-63.59,Nova Scotia
82CC142,Mahone Bay 0.5 NE,44.45,-64.38,Nova Scotia
82CC151,SYDNEY 2.7 NE,46.15,-60.16,Nova Scotia
82CC152,DARTMOUTH 4.0 NNE,44.7,-63.54,Nova Scotia
82CC153,LOWER SACKVILLE 2.0 WNW,44.77,-63.69,Nova Scotia
82CC159,NORTHPORT 0.1 NE,45.93,-63.87,Nova Scotia
82CC160,DARTMOUTH 2.3 ENE,44.68,-63.53,Nova Scotia
82CC163,SYDNEY MINES 2.2 WNW,46.25,-60.25,Nova Scotia
82CC165,HAMMONDS PLAINS 2.2 N,44.75,-63.79,Nova Scotia
82CC166,PORT MORIEN 5.7 SSE,46.08,-59.86,
82CC167,DARTMOUTH 1.4 E,44.67,-63.55,Nova Scotia
82CC170,ELMSDALE 9.0 SE,44.91,-63.43,Nova Scotia
82CC171,PICTOU LANDING 0.2 S,45.67,-62.69,
82CC172,TIMBERLEA 3.5 ESE,44.65,-63.71,Nova Scotia
82CC173,GLEN HAVEN 1.9 WSW,44.64,-63.93,Nova Scotia
82CC174,PICTOU 7.1 WSW,45.67,-62.8,Nova Scotia
82CC175,NEW GLASGOW 1.4 WNW,45.59,-62.66,Nova Scotia
82CC176,HALIFAX 2.2 NNW,44.67,-63.62,Nova Scotia
82CC177,NEWCOMBVILLE 5.2 SSW,44.34,-64.65,Nova Scotia
82CC180,EASTERN PASSAGE 0.8 S,44.61,-63.48,Nova Scotia
82CC182,GLEN HAVEN 0.4 WSW,44.64,-63.91,Nova Scotia
82CC184,BEAR RIVER 0.6 SE,44.57,-65.63,Nova Scotia
82CC188,HUBBARDS 0.7 SE,44.64,-64.05,Nova Scotia
82CC190,SHEET HARBOUR 0.6 SE,44.92,-62.53,Nova Scotia
82CC192,CHERRY HILL 0.6 W,44.15,-64.5,Nova Scotia
82CC193,LUNENBURG 2.5 NNW,44.4,-64.33,Nova Scotia
82CC196,BEAR RIVER 0.8 E - MI'KMAW CONSERVATION,44.58,-65.63,Nova Scotia
82CC201,HALIFAX 2.8 NNW,44.67,-63.61,Nova Scotia
82CC202,NEW MINAS 0.5 NE,45.07,-64.45,Nova Scotia
82CC204,HALIFAX 8.2 NW,44.7,-63.67,Nova Scotia
82CC205,BARSS CORNER 3.5 ESE,44.55,-64.64,Nova Scotia
82CC206,OLD BARNS 0.1 SE,45.34,-63.4,Nova Scotia
82CC211,DARTMOUTH 0.7 N,44.68,-63.56,Nova Scotia
82CC214,LOWER FIVE ISLANDS 2.7 S,45.41,-64.07,Nova Scotia
82CC215,CLEVELAND 1.4 SE,45.66,-61.22,Nova Scotia
82CC217,MIDDLE RIVER 4.2 NNW,46.19,-60.94,Nova Scotia
82CC218,MILTON 0.8 NW,44.07,-64.76,Nova Scotia
82CC219,GABARUS 0.4 SSE,45.83,-60.14,Nova Scotia
82CC221,LEQUILLE 0.4 NNW,44.74,-65.5,Nova Scotia
82CC223,HEBBS CROSS 4.0 ENE,44.31,-64.52,Nova Scotia
82CC224,LAKE ECHO 1.6 SSW,44.72,-63.4,Nova Scotia
82CC225,CENTREVILLE 0.4 E,45.13,-64.52,Nova Scotia
82CC226,NEW SALEM 1.9 SSW,45.41,-64.8,Nova Scotia
82CC227,PETITE RIVIÈRE 3.5 NW,44.25,-64.48,Nova Scotia
82CC232,PROSPECT 2.9 NNW,44.49,-63.8,Nova Scotia
82CC233,TUSKET 7.4 S,43.79,-65.96,Nova Scotia
82CC235,CENTRAL ONSLOW 1.2 WNW,45.38,-63.38,Nova Scotia
82CC237,WESTMOUNT 4.8 NNE,46.18,-60.2,
82CC239,KENZIEVILLE 2.7 SE,45.57,-62.28,Nova Scotia
82CC240,SYDNEY 6.8 NNW,46.19,-60.2,Nova Scotia
82CC242,BLOCKHOUSE 1.5 SW,44.44,-64.42,Nova Scotia
82CC245,HALIFAX 2.2 NNW,44.67,-63.61,Nova Scotia
82CC246,SHEET HARBOUR 4.5 ESE,44.91,-62.48,Nova Scotia
82CC247,DOVER 0.3 NE,45.29,-61.05,Nova Scotia
82CC248,SHEET HARBOUR 10.6 NNE,45.01,-62.48,Nova Scotia
82CC249,MOSER RIVER 0.1 NNW,44.98,-62.25,Nova Scotia
82CC250,SHEET HARBOUR 9.0 SE,44.86,-62.46,Nova Scotia
82CC251,MOSER RIVER 8.3 SSW,44.91,-62.31,Nova Scotia
82CC253,SHEET HARBOUR 9.8 SE,44.85,-62.46,Nova Scotia
82CC254,CHELSEA 5.2 SW,44.34,-64.81,Nova Scotia
82CC255,PEAS BROOK 0.9 E,45.35,-61.3,Nova Scotia
82CC256,CLEMENTSPORT 0.6 SE,44.66,-65.61,Nova Scotia
8300300,CHARLOTTETOWN A,46.29,-63.13,Prince Edward Island
8300301,CHARLOTTETOWN A,46.29,-63.12,Prince Edward Island
8300418,EAST POINT (AUT),46.46,-61.99,Prince Edward Island
8300497,NEW GLASGOW,46.41,-63.35,Prince Edward Island
8300516,NORTH CAPE,47.06,-64.0,
8300562,ST. PETERS,46.45,-62.58,Prince Edward Island
8300590,STANHOPE,46.42,-63.08,
8300596,SUMMERSIDE,46.44,-63.84,Prince Edward Island
8305500,MAPLE PLAINS,46.3,-63.58,Prince Edward Island
830P001,HARRINGTON CDA CS,46.34,-63.17,Prince Edward Island
83CC001,STRATFORD 2.3 NNE,46.24,-63.08,Prince Edward Island
83CC003,WELLINGTON 1.6 NE,46.47,-63.99,Prince Edward Island
83CC007,MORELL 1.4 NNW,46.43,-62.71,Prince Edward Island
83CC010,NEW LONDON 1.6 ENE,46.47,-63.49,Prince Edward Island
83CC013,BEDEQUE 4.4 WNW,46.35,-63.78,Prince Edward Island
83CC014,NORTH RUSTICO 1.4 S,46.45,-63.31,Prince Edward Island
83CC019,Charlottetown 6.5 NNW,46.29,-63.17,Prince Edward Island
83CC020,Bonshaw 6.6 NNE,46.25,-63.33,Prince Edward Island
83CC023,Borden 0.9 SE,46.25,-63.69,Prince Edward Island
83CC025,Caledonia 1.8 SW,46.05,-62.72,Prince Edward Island
83CC026,Grand Tracadie 2.3 SE,46.38,-63.04,Prince Edward Island
83CC028,Peakes 2.3 ENE,46.31,-62.75,Prince Edward Island
83CC038,SOURIS 2.8 E - MCPEI,46.36,-62.21,Prince Edward Island
83CC042,VERNON BRIDGE 4.3 ENE,46.19,-62.85,Prince Edward Island
83CC043,VERNON BRIDGE 7.1 ENE,46.2,-62.82,Prince Edward Island
83CC045,BELLE RIVER 3.8 NNW - MCPEI,46.01,-62.87,Prince Edward Island
83CC046,MURRAY RIVER 6.5 W - MCPEI,46.01,-62.7,Prince Edward Island
83CC047,LONG CREEK 0.3 NNW,46.17,-63.27,Prince Edward Island
83CC048,BREADALBANE 9.3 NNE,46.44,-63.47,Prince Edward Island
83CC050,BEDFORD CORNER 3.9 WNW,46.35,-63.06,Prince Edward Island
83CC051,ELLERSLIE 6.3 NNE - MCPEI,46.66,-63.92,Prince Edward Island
83CC054,FOXLEY RIVER 0.6 W - MCPEI,46.69,-64.02,Prince Edward Island
83CC057,KINGSBORO 0.9 ENE,46.4,-62.1,Prince Edward Island
83CC059,MURRAY HARBOUR 2.8 SSE,45.98,-62.51,Prince Edward Island
83CC065,FORTUNE BRIDGE 0.9 SSE,46.34,-62.37,Prince Edward Island
83CC066,GRANVILLE 2.9 WNW - MCPEI,46.43,-63.5,Prince Edward Island
83CC067,TIGNISH 1.8 NE - MCPEI,46.96,-64.02,Prince Edward Island
83CC070,BELLE RIVER 2.3 NNW - MCPEI,46.0,-62.85,Prince Edward Island
83CC071,KEPPOCH 3.9 E,46.2,-63.06,Prince Edward Island
83CC072,SUMMERSIDE 5.5 NE,46.43,-63.74,Prince Edward Island
83CC074,ST. GEORGES 5.5 SSE,46.21,-62.46,Prince Edward Island
83CC075,ALBERTON 4.5 SSW,46.78,-64.09,
83CC076,LENNOX ISLAND 0.3 NNE,46.6,-63.86,
83CC077,TIGNISH 12.0 NNE,47.05,-63.99,Prince Edward Island
83CC078,BAYFIELD 1.2 ENE,46.48,-62.18,Prince Edward Island
83CC079,CRAPAUD 1.3 N,46.25,-63.5,Prince Edward Island
83CC081,BONSHAW 3.9 SW,46.17,-63.39,
8400104,ARGENTIA (AUT),47.29,-53.99,
8400301,BADGER (AUT),48.97,-56.07,Newfoundland and Labrador
8400601,BONAVISTA,48.67,-53.11,Newfoundland and Labrador
8400801,BURGEO NL,47.62,-57.62,Newfoundland and Labrador
8400812,BURNT POND,48.17,-57.33,Newfoundland and Labrador
8401000,CAPE RACE (AUT),46.66,-53.08,Newfoundland and Labrador
8401295,CORMACK RCS,49.32,-57.39,Newfoundland and Labrador
8401298,CORNER BROOK,48.93,-57.92,Newfoundland and Labrador
8401300,CORNER BROOK,48.95,-57.95,Newfoundland and Labrador
8401405,DANIEL'S HARBOUR,50.24,-57.58,Newfoundland and Labrador
8401500,DEER LAKE,49.17,-57.43,Newfoundland and Labrador
8401501,DEER LAKE A,49.22,-57.4,Newfoundland and Labrador
8401502,DEER LAKE A,49.21,-57.39,Newfoundland and Labrador
8401538,ENGLEE (AUT),50.72,-56.11,
8401565,FEROLLE POINT (AUT),51.02,-57.1,
8401700,GANDER INT'L A,48.95,-54.58,Newfoundland and Labrador
8401703,GANDER INTL A,48.94,-54.57,Newfoundland and Labrador
8401705,GANDER AIRPORT CS,48.95,-54.57,Newfoundland and Labrador
8402520,LA SCIE,49.92,-55.67,Newfoundland and Labrador
8402544,LETHBRIDGE,48.35,-53.9,Newfoundland and Labrador
8402757,MILLERTOWN RCS,48.82,-56.54,Newfoundland and Labrador
8402980,PORT AUX BASQUES,47.57,-59.15,Newfoundland and Labrador
8403255,SAGONA ISLAND,47.37,-55.79,Newfoundland and Labrador
8403389,ST. ANTHONY A,51.39,-56.07,Newfoundland and Labrador
8403399,ST ANTHONY,51.38,-56.1,Newfoundland and Labrador
8403505,ST. JOHN'S INTL A,47.62,-52.75,Newfoundland and Labrador
8403603,ST JOHNS WEST CLIMATE,47.51,-52.78,Newfoundland and Labrador
8403619,ST LAWRENCE,46.92,-55.38,Newfoundland and Labrador
8403801,STEPHENVILLE A,48.54,-58.55,Newfoundland and Labrador
8403820,STEPHENVILLE RCS,48.56,-58.57,Newfoundland and Labrador
8403851,TERRA NOVA NAT PARK CS,48.56,-53.97,Newfoundland and Labrador
8404025,TWILLINGATE (AUT),49.68,-54.8,Newfoundland and Labrador
8404242,WINTERLAND BRANCH HILL,47.14,-55.33,Newfoundland and Labrador
8404343,WRECKHOUSE,47.71,-59.31,Newfoundland and Labrador
840B053,GRATES COVE,48.17,-52.94,Newfoundland and Labrador
840BR7C,POOLS ISLAND,49.11,-53.58,Newfoundland and Labrador
840KN90,MARTICOT ISLAND,47.33,-54.59,
84CC013,L'ANSE AU CLAIR 0.1 NW,51.44,-57.07,Newfoundland and Labrador
84CC014,WHITBOURNE 1.4 NE,47.43,-53.52,Newfoundland and Labrador
84CC017,L'ANSE AU LOUP 0.7 SSW,51.52,-56.84,Newfoundland and Labrador
84CC036,ST. ALBAN'S 2.1 SSE,47.86,-55.84,Newfoundland and Labrador
84CC050,ST. JOHN'S 4.3 NNE,47.6,-52.69,Newfoundland and Labrador
84CC063,MOUNT CARMEL 0.1 NE,47.16,-53.47,Newfoundland and Labrador
84CC065,KIPPENS 0.7 NE,48.55,-58.62,Newfoundland and Labrador
84CC069,Lewisporte 0.3 SSE - NL HAM,49.24,-55.06,Newfoundland and Labrador
84CC072,ST. JOHN'S 3.4 N,47.59,-52.73,Newfoundland and Labrador
84CC079,Mount Pearl 1.3 WNW,47.52,-52.83,Newfoundland and Labrador
84CC081,GRAND FALLS-WINDSOR 1.2 S,48.93,-55.65,Newfoundland and Labrador
84CC082,GANDER 2.7 NW,48.98,-54.63,Newfoundland and Labrador
84CC084,ST. JOHN'S 0.4 NNE,47.57,-52.72,Newfoundland and Labrador
84CC088,THE DOCK 0.6 ESE,47.57,-53.25,
84CC089,COMFORT COVE-NEWSTEAD 3.0 S,49.37,-54.86,
84CC091,WABUSH 0.6 SE,52.9,-66.86,Newfoundland and Labrador
84CC095,CORNER BROOK 11.6 ESE,48.92,-57.8,Newfoundland and Labrador
84CC096,CLARENVILLE 3.5 NNW,48.19,-53.99,Newfoundland and Labrador
8501100,CARTWRIGHT,53.71,-57.04,Newfoundland and Labrador
8501106,CARTWRIGHT A,53.68,-57.04,Newfoundland and Labrador
8501130,CHURCHILL FALLS,53.56,-64.09,Newfoundland and Labrador
8501131,CHURCHILL FALLS A,53.56,-64.11,Newfoundland and Labrador
8501900,GOOSE A,53.32,-60.42,Newfoundland and Labrador
8502400,HOPEDALE (AUT),55.45,-60.22,
8502580,MAKKOVIK A,55.08,-59.19,Newfoundland and Labrador
8502592,MARY'S HARBOUR A,52.3,-55.85,Newfoundland and Labrador
8502799,NAIN,56.55,-61.68,
8502810,NAIN A,56.55,-61.68,
8504175,WABUSH LAKE A,52.93,-66.87,Newfoundland and Labrador
8504177,WABUSH A,52.92,-66.86,Newfoundland and Labrador
84CC002,ST. JOHN'S 0.4 N,47.56,-52.71,Newfoundland and Labrador
1CC0197,VICTORIA 2.2 E,48.43,-123.33,British Columbia
6CC1129,LUCKNOW 6.6 SSE,43.91,-81.48,Ontario
1CC0198,LANGLEY 10.8 S,49.01,-122.65,British Columbia
6CC1131,KANATA 2.0 W,45.32,-75.93,Ontario
6CC1132,TORONTO 4.4 NNW,43.69,-79.41,Ontario
1CC0196,LILLOOET 6.5 N,50.75,-121.94,British Columbia
3AABDLK,BADGER LAKE LITE,-99.9,-99.9,
3AAGRDL,GROVEDALE LITE,55.02,-119.04,Alberta
3AAHAYS,HAYS LITE,-99.9,-99.9,
3AAMCIN,MCINTYRE LITE,49.26,-112.84,Alberta
4CC0213,BRADWELL 0.5 ENE,51.95,-106.23,Saskatchewan
6CC1135,CAMPBELLS CROSS 4.3 ESE,43.76,-79.82,Ontario
6CC1137,DRESDEN 8.1 E,42.6,-82.08,Ontario
6CC1138,LINDSAY 0.8 ENE,44.36,-78.73,Ontario
6CC1139,TILBURY 0.8 NNE,42.27,-82.43,Ontario
3AASTAF,STONY MOUNTAIN AUTO,56.39,-111.28,Alberta
1CC0184,PENTICTON 1.6 SSW,49.47,-119.59,British Columbia
1CC0199,AGASSIZ 0.2 E,49.23,-121.76,British Columbia
3AABANB,BANANA BELT 2,55.18,-116.51,Alberta
3CC0276,CALGARY 1.3 NE,51.06,-114.05,Alberta
4CC0007,PIERCELAND 14.4 ESE,54.32,-109.56,Saskatchewan
4CC0233,HUDSON BAY 0.8 SSW,52.86,-102.39,Saskatchewan
4CC0236,MELFORT 4.2 E,52.86,-104.56,Saskatchewan
4CC0237,REGINA 5.3 SE,50.42,-104.54,Saskatchewan
4CC0238,SASKATOON 8.4 ESE,52.1,-106.55,Saskatchewan
5CC0434,POPLAR POINT 0.3 SE,50.06,-97.97,Manitoba
5CC0435,SOURIS 0.9 SSE,49.61,-100.25,Manitoba
6CC1140,HANOVER 3.2 NW,44.17,-81.05,Ontario
6CC1141,PICTON 5.6 NNE,44.05,-77.13,Ontario
6CC1142,THUNDER BAY 3.5 NNW,48.44,-89.26,Ontario
6CC1144,TECUMSEH 1.9 S,42.3,-82.88,Ontario
7CC0040,VAL-BÉLAIR 1.2 WSW,46.85,-71.43,Quebec
82CC260,LAKE CHARLOTTE 8.5 ENE,44.79,-62.84,Nova Scotia
82CC261,MYERS POINT 0.6 W,44.77,-63.05,
82CC262,LAKE CHARLOTTE 7.3 NE,44.81,-62.88,Nova Scotia
82CC263,LARRYS RIVER 4.7 SSE,45.19,-61.36,Nova Scotia
82CC264,DOVER 0.5 SE,45.28,-61.04,Nova Scotia
82CC265,SHEET HARBOUR 4.0 ESE,44.9,-62.49,
83CC080,CLYDE RIVER 1.3 ESE,46.22,-63.24,Prince Edward Island
7CC0103,QUÉBEC 0.9 WSW,46.81,-71.23,Quebec
4CC0239,ESTEVAN 1.5 NNW,49.15,-103.0,Saskatchewan
6CC1146,KAKABEKA FALLS 4.8 NNW,48.44,-89.64,Ontario
82CC266,OSTREA LAKE 5.8 NNW,44.77,-63.11,
7CC0102,TROIS-RIVIÈRES 3.0 SSW,46.32,-72.58,Quebec
83CC082,CHARLOTTETOWN 2.2 N,46.26,-63.13,Prince Edward Island
6CC1148,BELLEVILLE 3.2 SW,44.15,-77.41,Ontario
7CC0032,Saint-Isidore 4.7 SW,46.55,-71.13,Quebec
82CC059,NEW ROSS 3.7 S,44.7,-64.46,Nova Scotia
1CC0203,COBBLE HILL 1.4 W,48.69,-123.6,British Columbia
3AACRAF,CHRISTINA AUTO,55.59,-111.85,Alberta
6CC1152,NORTH YORK 7.0 NE,43.81,-79.35,Ontario
7CC0105,SAINTE-JULIE 2.4 SE,45.57,-73.32,Quebec
3AAL2AF,FOSTER CREEK AUTO,55.07,-110.71,Alberta
3AAWEAF,WILLMORE AUTO,53.71,-119.48,Alberta
